document,title,image,image_type,result,score,reasons,missing_evidence
api-ref/source/appendixes/consistency_of_concurrent_operations.rst,Consistency of Concurrent Operations,,,fail,,kein valides Bild,No model result was produced.
doc/permissions-configuration-guide/source/access_requests/accessing_obs_using_temporary_access_keys.rst,Accessing OBS Using Temporary Access Keys,,,fail,,kein valides Bild,No model result was produced.
doc/permissions-configuration-guide/source/differences_between_obs_permissions_control_methods.rst,Differences Between OBS Permissions Control Methods,,,fail,,kein valides Bild,No model result was produced.
doc/permissions-configuration-guide/source/permission_configuration_in_typical_scenarios/granting_permissions_to_an_iam_user_under_the_account/granting_an_iam_user_the_permissions_to_create_and_list_buckets.rst,Granting an IAM User the Permissions to Create and List Buckets,,,fail,,kein valides Bild,No model result was produced.
doc/permissions-configuration-guide/source/permission_configuration_in_typical_scenarios/granting_permissions_to_an_iam_user_under_the_account/granting_an_iam_user_the_read_permissions_on_specific_objects.rst,Granting an IAM User the Read Permissions on Specific Objects,,,fail,,kein valides Bild,No model result was produced.
doc/permissions-configuration-guide/source/permission_configuration_in_typical_scenarios/granting_permissions_to_an_iam_user_under_the_account/granting_an_iam_user_the_read_write_permission_on_a_bucket.rst,Granting an IAM User the Read/Write Permission on a Bucket,,,fail,,kein valides Bild,No model result was produced.
doc/permissions-configuration-guide/source/permission_configuration_in_typical_scenarios/granting_permissions_to_an_iam_user_under_the_account/granting_an_iam_user_the_specific_permissions_on_specific_objects.rst,Granting an IAM User the Specific Permissions on Specific Objects,,,fail,,kein valides Bild,No model result was produced.
doc/permissions-configuration-guide/source/permission_configuration_in_typical_scenarios/granting_permissions_to_an_iam_user_under_the_account/granting_an_iam_user_the_specified_permissions_for_a_bucket.rst,Granting an IAM User the Specified Permissions for a Bucket,,,fail,,kein valides Bild,No model result was produced.
doc/permissions-configuration-guide/source/permission_configuration_in_typical_scenarios/granting_permissions_to_anonymous_users/granting_anonymous_users_the_public_read_permission_for_a_bucket.rst,Granting Anonymous Users the Public Read Permission for a Bucket,,,fail,,kein valides Bild,No model result was produced.
doc/permissions-configuration-guide/source/permission_configuration_in_typical_scenarios/granting_permissions_to_anonymous_users/granting_anonymous_users_the_read_permission_for_a_directory.rst,Granting Anonymous Users the Read Permission for a Directory,,,fail,,kein valides Bild,No model result was produced.
doc/permissions-configuration-guide/source/permission_configuration_in_typical_scenarios/granting_permissions_to_anonymous_users/granting_anonymous_users_the_read_permission_for_certain_objects.rst,Granting Anonymous Users the Read Permission for Certain Objects,,,fail,,kein valides Bild,No model result was produced.
doc/permissions-configuration-guide/source/permission_configuration_in_typical_scenarios/granting_permissions_to_multiple_iam_users_or_user_groups_under_the_account/granting_iam_user_groups_all_permissions_on_all_obs_resources.rst,Granting IAM User Groups All Permissions on All OBS Resources,,,fail,,kein valides Bild,No model result was produced.
doc/permissions-configuration-guide/source/permission_configuration_in_typical_scenarios/granting_permissions_to_multiple_iam_users_or_user_groups_under_the_account/granting_iam_user_groups_specific_permissions_for_all_obs_resources.rst,Granting IAM User Groups Specific Permissions for All OBS Resources,,,fail,,kein valides Bild,No model result was produced.
doc/permissions-configuration-guide/source/permission_configuration_in_typical_scenarios/granting_permissions_to_multiple_iam_users_or_user_groups_under_the_account/granting_iam_user_groups_specific_permissions_on_a_folder.rst,Granting IAM User Groups Specific Permissions on a Folder,,,fail,,kein valides Bild,No model result was produced.
doc/permissions-configuration-guide/source/permission_configuration_in_typical_scenarios/granting_permissions_to_multiple_iam_users_or_user_groups_under_the_account/granting_iam_user_groups_specific_permissions_on_specific_obs_resources.rst,Granting IAM User Groups Specific Permissions on Specific OBS Resources,,,fail,,kein valides Bild,No model result was produced.
doc/permissions-configuration-guide/source/permission_configuration_in_typical_scenarios/granting_permissions_to_other_accounts/granting_iam_users_under_an_account_the_access_to_a_bucket_and_the_resources_in_it.rst,Granting IAM Users Under an Account the Access to a Bucket and the Resources in It,,,fail,,kein valides Bild,No model result was produced.
doc/permissions-configuration-guide/source/permission_configuration_in_typical_scenarios/granting_permissions_to_other_accounts/granting_other_accounts_specific_permissions_for_specific_objects.rst,Granting Other Accounts Specific Permissions for Specific Objects,,,fail,,kein valides Bild,No model result was produced.
doc/permissions-configuration-guide/source/permission_configuration_in_typical_scenarios/granting_permissions_to_other_accounts/granting_other_accounts_the_read_permission_for_certain_objects.rst,Granting Other Accounts the Read Permission for Certain Objects,,,fail,,kein valides Bild,No model result was produced.
doc/permissions-configuration-guide/source/permission_configuration_in_typical_scenarios/granting_permissions_to_other_accounts/granting_other_accounts_the_read_write_permission_for_a_bucket.rst,Granting Other Accounts the Read/Write Permission for a Bucket,,,fail,,kein valides Bild,No model result was produced.
doc/permissions-configuration-guide/source/permission_configuration_in_typical_scenarios/granting_permissions_to_other_accounts/granting_other_accounts_the_specified_permissions_for_a_bucket.rst,Granting Other Accounts the Specified Permissions for a Bucket,,,fail,,kein valides Bild,No model result was produced.
doc/permissions-configuration-guide/source/permission_configuration_in_typical_scenarios/granting_temporary_access_to_obs.rst,Granting Temporary Access to OBS,,,fail,,kein valides Bild,No model result was produced.
doc/permissions-configuration-guide/source/permission_configuration_in_typical_scenarios/restricting_access_to_a_bucket_for_specific_ip_addresses.rst,Restricting Access to a Bucket for Specific IP Addresses,,,fail,,kein valides Bild,No model result was produced.
doc/permissions-configuration-guide/source/permission_configuration_in_typical_scenarios/typical_permissions_scenarios.rst,Typical Permissions Scenarios,,,fail,,kein valides Bild,No model result was produced.
doc/permissions-configuration-guide/source/permission_control_methods/iam_permissions.rst,IAM Permissions,,,fail,,kein valides Bild,No model result was produced.
doc/s3api/source/introduction/concurrent_operation_consistency.rst,Concurrent Operation Consistency,,,fail,,kein valides Bild,No model result was produced.
doc/s3api/source/obs_rest_apis/authenticating_a_request/v4_browser-based_authorized_post_request.rst,V4 Browser-based Authorized POST Request,,,fail,,kein valides Bild,No model result was produced.
doc/s3api/source/obs_rest_apis/authenticating_a_request/v4_common_request.rst,V4 Common Request,,,fail,,kein valides Bild,No model result was produced.
doc/s3api/source/obs_rest_apis/authenticating_a_request/v4_temporarily_authorized_request.rst,V4 Temporarily Authorized Request,,,fail,,kein valides Bild,No model result was produced.
doc/swiftapi/source/overview/concurrent_operation_consistency.rst,Concurrent Operation Consistency,,,fail,,kein valides Bild,No model result was produced.
doc/tool/source/advanced_bucket_settings/bucket_acls/configuring_a_bucket_acl.rst,Configuring a Bucket ACL,,,fail,,kein valides Bild,No model result was produced.
doc/tool/source/advanced_bucket_settings/bucket_policies/configuring_a_bucket_policy.rst,Configuring a Bucket Policy,,,fail,,kein valides Bild,No model result was produced.
doc/tool/source/advanced_bucket_settings/external_bucket_adding/adding_an_external_bucket.rst,Adding an External Bucket,,,fail,,kein valides Bild,No model result was produced.
doc/tool/source/basic_bucket_operations/creating_a_bucket.rst,Creating a Bucket,,,fail,,kein valides Bild,No model result was produced.
doc/tool/source/basic_bucket_operations/managing_fragments.rst,Managing Fragments,,,fail,,kein valides Bild,No model result was produced.
doc/tool/source/basic_bucket_operations/searching_for_a_bucket.rst,Searching for a Bucket,,,fail,,kein valides Bild,No model result was produced.
doc/tool/source/basic_bucket_operations/viewing_a_buckets_basic_information.rst,Viewing a Bucket's Basic Information,,,fail,,kein valides Bild,No model result was produced.
doc/tool/source/best_practices/proxy_server_configuration.rst,Proxy Server Configuration,,,fail,,kein valides Bild,No model result was produced.
doc/tool/source/logging_in_to_obs_browser.rst,Logging In to OBS Browser+,,,fail,,kein valides Bild,No model result was produced.
doc/tool/source/object_operations/creating_a_folder.rst,Creating a Folder,,,fail,,kein valides Bild,No model result was produced.
doc/tool/source/object_operations/restoring_a_file_or_folder.rst,Restoring a File or Folder,,,fail,,kein valides Bild,No model result was produced.
doc/tool/source/object_operations/searching_for_a_file_or_folder.rst,Searching for a File or Folder,,,fail,,kein valides Bild,No model result was produced.
doc/tool/source/object_operations/sharing_a_file_or_folder.rst,Sharing a File or Folder,,,fail,,kein valides Bild,No model result was produced.
doc/tool/source/object_operations/uploading_a_file_or_folder.rst,Uploading a File or Folder,,,fail,,kein valides Bild,No model result was produced.
doc/tool/source/task_management/managing_completed_tasks.rst,Managing Completed Tasks,,,fail,,kein valides Bild,No model result was produced.
doc/tool/source/task_management/managing_failed_tasks.rst,Managing Failed Tasks,,,fail,,kein valides Bild,No model result was produced.
doc/tool/source/task_management/managing_running_and_queued_tasks.rst,Managing Running and Queued Tasks,,,fail,,kein valides Bild,No model result was produced.
doc/tool/source/task_management/managing_suspended_tasks.rst,Managing Suspended Tasks,,,fail,,kein valides Bild,No model result was produced.
doc/tool/source/task_management/managing_tasks_being_restored.rst,Managing Tasks Being Restored,,,fail,,kein valides Bild,No model result was produced.
umn/source/obs_browser_operation_guide/cors/configuring_cors.rst,Configuring CORS,en-us_image_0129834236.png,screenshot,pass,1.00,"The image is a UI dialog titled 'Add CORS Rule', matching the figure caption 'Figure 1 Adding a CORS rule' referenced in step 4 of the RST. | All parameters shown (Allowed Origin, Allowed Method, Allowed Header, Exposed Header, Cache Duration (s)) correspond exactly to the rows in Table 1 of the document. | The pre-filled values (Allowed Origin = www.example.com, Cache Duration = 100) align with the example CORS rule described in the RST. | The Allowed Method checkboxes (Get, Post, Put, Delete, Head) match the methods listed in the Allowed Method description. | The dialog includes interactive controls (checkboxes, text fields, OK/Cancel buttons) consistent with the procedure steps.","No bucket name or surrounding OBS Browser interface is visible; only the dialog is shown, which is consistent with the figure's scope."
umn/source/obs_browser_operation_guide/external_buckets/adding_external_buckets.rst,Adding External Buckets,en-us_image_0129840536.png,screenshot,pass,1.00,"The image shows the 'Add Bucket' dialog with the 'Add external bucket' radio option selected, matching the figure caption 'Adding an external bucket'. | It displays the 'Bucket Name' input field with placeholder 'Enter an external bucket name.', consistent with RST step 3 to enter the bucket name. | The dialog includes OK and Cancel controls, aligning with the procedure's click OK step. | The screenshot directly illustrates the Procedure section step 3 of the document.","The image does not show the bucket list or ACL permissions mentioned after a successful add. | No account/permission context (accounts A and B) is visible, which is described in the Prerequisites."
umn/source/obs_browser_operation_guide/getting_started/adding_a_bucket.rst,Adding a Bucket,en-us_image_0129772318.png,screenshot,pass,1.00,"Image is a clear screenshot of the 'Add Bucket' dialog box in OBS Browser, matching the figure caption 'Figure 1 Adding a bucket'. | All fields described in the procedure are visible: Method (Create new bucket selected), Region (eu-de), Storage Class (Standard selected), and Bucket Name (bucket-example). | The dialog includes OK and Cancel buttons as well as a close (X) button, consistent with steps 7 and 8 of the procedure. | The help icon (?) next to the Bucket Name field is visible, matching the reference to |image1| in step 6. | No contradictions between the image content and the RST text.",
umn/source/obs_browser_operation_guide/getting_started/adding_a_bucket.rst,Adding a Bucket,en-us_image_0237531616.png,icon,pass,1.00,"Image is a small circular help icon with a question mark, matching the |image1| reference in step 6 of the procedure. | The RST states 'You can move the pointer over |image1| next to the Bucket Name text box to view the naming rules for a bucket,' which is exactly what a help/question-mark icon represents. | The icon is consistent with the help icon visible in Image 1 next to the Bucket Name field. | No contradictions between the image and the RST description.",
umn/source/obs_browser_operation_guide/getting_started/configuring_user_permissions.rst,Configuring User Permissions,en-us_image_0170301902.png,other,fail,0.00,Local color check detected #3298ff.,
umn/source/obs_browser_operation_guide/getting_started/downloading_obs_browser.rst,Downloading OBS Browser,en-us_image_0000001631858722.png,screenshot,pass,1.00,"The image is a UI screenshot of the Open Telekom Cloud Object Storage Service console, matching the figure caption 'Downloading an OBS Browser software package'. | A red-highlighted box shows the OBS Browser description and the 'Download OBS Browser Windows (32-bit)' and '(64-bit)' links, exactly the package links referenced in step 1 of the RST. | The screenshot corresponds to the OBS Console homepage where the RST instructs the user to click the OBS Browser package link. | No visible contradiction between the image content and the RST text.","The image does not show the decompression step or the 130-character path limit, but those belong to step 2 and are not required for this figure."
umn/source/obs_browser_operation_guide/getting_started/process_description.rst,Process Description,en-us_image_0130267221.png,other,fail,0.00,Local color check detected #3298ff.,
umn/source/obs_browser_operation_guide/getting_started/process_description.rst,Process Description,en-us_image_0148639825.png,icon,pass,1.00,"The image is a small circular-arrow refresh icon, matching the RST reference to |image1| used to refresh the OBS Browser page. | The RST explicitly describes clicking this icon in the upper right to refresh, which aligns with the refresh pictogram shown. | The icon is directly relevant to the Process Description section's refresh task. | No contradiction between the icon and the surrounding text.",The surrounding UI context (upper-right placement) is not visible; only the isolated icon is shown.
umn/source/obs_browser_operation_guide/getting_started/uploading_a_file_or_folder.rst,Uploading a File or Folder,en-us_image_0150044268.png,screenshot,pass,1.00,The image is the 'Upload Object' dialog box referenced as Figure 1 in the Procedure section. | It shows the '+ Select File' and '+Select Folder' buttons described in steps 4 and 5. | The '500 files and folders in one batch' limit text matches the RST statement about uploading a maximum of 500 files or folders. | The Storage Class section with Standard/Warm/Cold radio buttons matches step 7 about selecting a storage class. | The OK and Cancel buttons at the bottom correspond to step 8 (click OK to upload).,"No specific file or folder is shown selected in the table (Objects 0, Size 0), which is expected for an empty initial dialog state."
umn/source/obs_browser_operation_guide/introduction_to_obs_browser/obs_browser_overview.rst,OBS Browser Overview,en-us_image_0237530299.png,icon,pass,1.00,"The image is a small gear/cog icon on a magenta background, consistent with a settings or menu button in a Windows application. | The RST explicitly references this image as a clickable element at the upper right corner that opens options for 'About OBS Browser' and 'Online Help', which aligns with a settings/gear icon. | The icon is directly relevant to the OBS Browser Overview section, which describes how to access version information and help documentation. | No contradictions exist between the image content and the surrounding text description.",The image does not show the full OBS Browser interface or the upper-right-corner context; only the isolated icon is provided. | The dropdown menu with 'About OBS Browser' and 'Online Help' options is not visible in the image.
umn/source/obs_browser_operation_guide/lifecycle_management/configuring_a_lifecycle_rule.rst,Configuring a Lifecycle Rule,en-us_image_0129833825.png,screenshot,pass,1.00,"The image is a UI dialog titled 'Create Lifecycle Rule', directly matching the document topic of configuring a lifecycle rule. | Visible fields (Status Enable/Disable, Rule Name, Applies To, Prefix, Transition to Warm, Transition to Cold, Expiration Time) correspond to the RST's Basic Information and Current Version descriptions. | The image is referenced in the RST as Figure 1 'Creating a lifecycle rule on OBS Browser' within step 3 of the procedure. | Interactive controls (radio buttons, text inputs, Save/Cancel buttons) are clearly visible, consistent with a configuration dialog. | No visible element contradicts the RST content; the dialog matches the described workflow.",The 'Tag' optional field and 'Historical Version' section mentioned in the RST are not visible in this screenshot (likely below the visible area). | The 'Delete Fragments After (Days)' field is not explicitly labeled in the visible portion of the dialog.
umn/source/obs_browser_operation_guide/lifecycle_management/lifecycle_management_overview.rst,Lifecycle Management Overview,en-us_image_0138955590.png,other,pass,1.00,"The diagram is titled 'Lifecycle' and depicts Standard, Warm, and Cold storage classes with transition arrows, matching the RST's description of transitioning objects between storage classes. | The 'Automatic deletion upon expiration' element with a trash icon aligns with the RST's expiration/deletion rule. | The figure is explicitly referenced as Figure 1 in the Lifecycle Management Overview section, so it is directly relevant to the section. | Labels and flow in the image are consistent with the text's key elements (transition to Warm/Cold and expiration), with no visible contradiction.","The image does not show the specific day thresholds (e.g., 30-day minimum) described in the RST. | The image does not depict the prefix/policy element of lifecycle rules."
umn/source/obs_browser_operation_guide/logging/configuring_logging.rst,Configuring Logging,en-us_image_0129837880.png,screenshot,pass,1.00,"The image is a UI dialog titled 'Configure Logging', directly matching the document topic of configuring logging. | It shows the 'Enable' option selected, a 'Target Bucket' field, a 'Target Prefix' field, and an 'OK' button, aligning with the procedure steps (select Enable, choose bucket, enter prefix, click OK). | The dialog corresponds to Figure 1 referenced in the Procedure section of the RST. | Visible interface elements (radio buttons, dropdown, text fields, OK/Cancel buttons) provide clear visual evidence of the logging configuration flow. | No clear contradiction between the image and the RST; the prefix example 'bucket-example-log/' is consistent with the documented prefix behavior.",The RST refers to the field as 'Log File Name Prefix' while the image labels it 'Target Prefix'; minor label difference but not a substantive contradiction. | The image does not show the subsequent 'Close' dialog box mentioned in the final step.
umn/source/obs_browser_operation_guide/managing_buckets/adding_a_bucket.rst,Adding a Bucket,en-us_image_0129772318.png,screenshot,pass,1.00,"Image shows the 'Add Bucket' dialog box exactly as described in the RST procedure step 3 | All fields from Table 1 are visible: Method (Create new bucket selected), Region (eu-de), Storage Class (Standard/Warm/Cold), Bucket Name (bucket-example) | Storage class description text matches the RST's description of Standard storage class | OK and Cancel buttons are present at the bottom of the dialog | The dialog title 'Add Bucket' matches the RST reference",
umn/source/obs_browser_operation_guide/managing_buckets/adding_a_bucket.rst,Adding a Bucket,en-us_image_0237534341.png,icon,partial,0.78,"Icon shows a pencil/edit symbol consistent with the RST context of clicking to change storage class | Used in the 'Related Operations' section where the RST instructs to click the icon on the right of a bucket | The icon is small and low-resolution, making fine details hard to discern | No contradiction with the RST which simply references it as a clickable element for changing storage class","The RST does not describe the visual appearance of the icon, so exact visual match cannot be verified | The icon is very small and somewhat blurry, limiting detailed visual assessment"
umn/source/obs_browser_operation_guide/managing_buckets/bucket_management_methods.rst,Bucket Management Methods,en-us_image_0129804217.png,screenshot,pass,1.00,"Image shows the OBS Browser bucket list with a toolbar above containing 'Add Bucket', 'Basic Information', 'Configure Bucket ACL', and 'More' buttons | The 'More' dropdown is expanded showing management options: Configure Lifecycle Rule, Configure Bucket Policy, Configure CORS Rule, Configure Logging, Manage Fragment, Delete | A bucket row is highlighted (selected), consistent with the description of clicking the blank area in the row | This matches Figure 1's description of the first method: using buttons displayed above the bucket list",
umn/source/obs_browser_operation_guide/managing_buckets/bucket_management_methods.rst,Bucket Management Methods,en-us_image_0129805313.png,screenshot,pass,1.00,"Image shows the bucket list with columns: Bucket Name, Storage Class, Region, Created, Operation | The Operation column contains small icon buttons in each row | A dropdown menu is visible from the operation button showing: Configure Bucket ACL, Configure Lifecycle Rule, Configure Bucket Policy, Configure CORS Rule, Configure Logging, Manage Fragment, Delete | A bucket row is highlighted (selected), matching the description of clicking operation buttons in the row | This matches Figure 2's description of the second method: clicking operation buttons in the row of the bucket",
umn/source/obs_browser_operation_guide/managing_buckets/bucket_management_methods.rst,Bucket Management Methods,en-us_image_0129805421.png,screenshot,pass,1.00,"Image shows the bucket list with a context/shortcut menu displayed | The menu contains: Open, Delete, Refresh, Basic Information, Configure Bucket ACL, Configure Lifecycle Rule, Configure Bucket Policy, Configure CORS Rule, Configure Logging, Manage Fragment | A bucket row is highlighted (selected), consistent with right-clicking the blank area in the row | This matches Figure 3's description of the third method: right-clicking to display a shortcut menu for managing the bucket",
umn/source/obs_browser_operation_guide/managing_buckets/managing_fragments.rst,Managing Fragments,en-us_image_0237534487.png,icon,pass,1.00,"The image is a small isolated trash-can pictogram, matching the 'icon' classification. | In the RST, |image1| is referenced in step 3 as the control to click on the right to delete a fragment, and a trash-can icon is the standard delete symbol. | The icon is placed within the Procedure section and directly supports the fragment-deletion step. | The visual content (a delete/trash icon) is consistent with the described delete action, with no contradiction.","The image is an isolated icon without surrounding UI context, so the exact button label or placement cannot be verified visually."
umn/source/obs_browser_operation_guide/managing_buckets/searching_for_a_bucket.rst,Searching for a Bucket,en-us_image_0237535268.png,icon,pass,1.00,"The image shows a magnifying glass icon, which is the standard search symbol. | The RST references this image as the button to click to initiate a bucket search. | The icon is used in step 3 of the procedure for searching for a bucket. | The image is also reused as |image4| in the example paragraph, consistent with its search function.",
umn/source/obs_browser_operation_guide/managing_buckets/searching_for_a_bucket.rst,Searching for a Bucket,en-us_image_0237531620.png,icon,pass,1.00,"The image shows an X inside a circle, a standard clear/delete button symbol. | The RST states this icon is in the search box to delete the entered keyword. | The icon is referenced in step 3 of the procedure for clearing a search term. | The visual matches the described function of removing a search keyword.",
umn/source/obs_browser_operation_guide/managing_buckets/searching_for_a_bucket.rst,Searching for a Bucket,en-us_image_0237531612.png,icon,pass,1.00,"The image shows a list icon (three horizontal lines with bullet points), representing a list view. | The RST states this icon is on the left side to expand the hidden bucket list. | The icon is referenced in step 3 of the procedure for accessing the bucket list. | The visual matches the described function of expanding a list panel.",
umn/source/obs_browser_operation_guide/managing_buckets/viewing_basic_information_of_a_bucket.rst,Viewing Basic Information of a Bucket,en-us_image_0129807617.png,screenshot,pass,1.00,"Image is a UI dialog screenshot titled 'Basic Information' matching the figure referenced in the procedure. | All parameter rows (Bucket Name, Region, Storage Class, Bucket Version, Used Capacity, Objects, Access Domain Name, Endpoint, Owner, Account ID, Created) align with Table 1 in the RST. | Interactive controls are visible: an X close icon in the header and a 'Close' button at the bottom. | No contradiction between the displayed fields and the document description.","Values for Access Domain Name, Endpoint, Owner, and Account ID are blurred and not legible. | Bucket Version shows a placeholder ('--') rather than a concrete value."
umn/source/obs_browser_operation_guide/managing_objects/accessing_an_object_using_its_object_url.rst,Accessing an Object Using Its Object URL,en-us_image_0129829000.png,screenshot,pass,1.00,"The image shows a 'Properties' dialog box in OBS Browser with fields for Name, URL, and Encrypted, directly matching the figure caption 'Figure 1 Object properties' in the RST. | The URL field is highlighted with a red rectangle, consistent with the procedure step instructing users to view the object URL. | A 'Copy' button is visible next to the URL field, matching step 4 of the procedure ('Click Copy to copy the URL of the object'). | A close (X) button is visible in the top-right corner, matching step 5 ('click Close to close the dialog box'). | The object name 'file-share.html' is visible, consistent with the note about .html files being directly openable in a browser.","The actual URL value is blurred/redacted, so the specific URL format cannot be verified against the described patterns."
umn/source/obs_browser_operation_guide/managing_objects/accessing_an_object_using_its_object_url.rst,Accessing an Object Using Its Object URL,en-us_image_0237534488.png,icon,partial,0.78,"The image is a small document/list icon used as the |image1| substitution in the RST, referenced in step 3 as the icon to click next to an object to view its URL. | The icon depicts a rectangle with horizontal lines, resembling a document or properties symbol, which is consistent with a 'view properties' or 'view details' action button. | It is directly referenced in the Procedure section step 3, making it relevant to that section. | The icon is small and low-resolution, making it difficult to discern fine details of the symbol.","The icon is very small and low-resolution, making it hard to confirm the exact symbol design. | No tooltip or label is visible to confirm the icon's function beyond the RST text description."
umn/source/obs_browser_operation_guide/managing_objects/object_management_methods.rst,Object Management Methods,en-us_image_0130778144.png,screenshot,pass,1.00,"Image shows the OBS Browser object list UI with the top toolbar (Upload, Create Folder, Download, Restore, Delete) highlighted in a red box, matching Figure 1 description of the first method. | The red highlight clearly indicates the operation buttons above the object list as described in the RST text. | The object list columns (Name, Storage Class, Restoration, Size, Type, Last Modified, Operation) are visible and consistent with the context. | No contradictions between the image content and the RST description of method 1.",
umn/source/obs_browser_operation_guide/managing_objects/object_management_methods.rst,Object Management Methods,en-us_image_0130778160.png,screenshot,pass,1.00,"Image shows the same OBS Browser object list with the Operation column on the right highlighted in a red box, matching Figure 2 description of the second method. | The red highlight clearly indicates the per-row operation buttons (trash, refresh, download, smiley icons) as described in the RST text. | The layout and columns are consistent with the object management context. | No contradictions between the image content and the RST description of method 2.",
umn/source/obs_browser_operation_guide/managing_objects/object_management_methods.rst,Object Management Methods,en-us_image_0130778196.png,screenshot,pass,1.00,"Image shows a right-click context/shortcut menu with options (Properties, Download, Refresh, Delete, Change Storage Class) highlighted in a red box, matching Figure 3 description of the third method. | The menu appears over a row in the object list, consistent with the RST instruction to right-click the blank area in the row. | The menu items are relevant to object management operations. | No contradictions between the image content and the RST description of method 3.",
umn/source/obs_browser_operation_guide/managing_objects/restoring_a_cold_file_in_obs.rst,Restoring a Cold File in OBS,en-us_image_0129830942.png,screenshot,pass,1.00,"The image shows a Properties dialog box for a file named 'file-cold.txt' with Restore status set to 'Restored', directly matching the figure caption 'Properties of the restored object' | The red highlight around the 'Restore: Restored' field aligns with the RST instruction to view the restoration status | The expiration date (2019-03-25 08:00:00 GMT+08:00) is consistent with the validity period concept described in the document | The dialog is referenced in step 4 of the Procedure as what appears after clicking OK","The URL field is blurred/redacted, so the full object URL cannot be verified"
umn/source/obs_browser_operation_guide/managing_objects/restoring_a_cold_file_in_obs.rst,Restoring a Cold File in OBS,en-us_image_0237534488.png,icon,partial,0.72,"The image is a small document/list icon used inline in the RST as |image1| to indicate what the user should click to view the Properties dialog | It is referenced in step 4 of the Procedure: 'Click |image1| and the Properties dialog box is displayed' | The icon appears to represent a file or properties view action, consistent with its usage context | The icon is small and somewhat blurry, making precise identification of its exact symbol difficult","The icon is low-resolution and blurry, making it difficult to confirm the exact symbol depicted | No tooltip or label is visible to confirm the icon's specific function"
umn/source/obs_browser_operation_guide/managing_objects/searching_for_a_file_or_folder.rst,Searching for a File or Folder,en-us_image_0237535268.png,icon,pass,1.00,"The image is an isolated magnifying-glass symbol, the standard search icon. | The RST step 3 instructs the user to click |image1| to initiate a search, matching a search icon. | The icon aligns with the section topic of searching for a file or folder in OBS Browser. | No visible UI context or interactive control is present, only the symbol itself.",No surrounding UI or label is shown to confirm the exact placement of the icon in OBS Browser. | The image does not show the search input field or results that would follow clicking the icon.
umn/source/obs_browser_operation_guide/managing_objects/uploading_a_file_or_folder.rst,Uploading a File or Folder,en-us_image_0150044268.png,screenshot,pass,1.00,"The image is the 'Upload Object' dialog referenced as Figure 1 in the RST, matching the topic of uploading a file or folder. | It shows '+ Select File' and '+Select Folder' buttons corresponding to RST steps 4 and 5. | It displays the 'Storage Class' options Standard, Warm, and Cold, matching RST step 6. | It includes the 'OK' button matching RST step 7 and the 500-file batch limit note matching step 4. | No visible contradiction between the dialog contents and the documented procedure.","The local file browser dialog (step 4) and folder selection dialog (step 5) are not shown, only the Upload Object dialog."
umn/source/obs_browser_operation_guide/permission_control/configuring_a_bucket_acl.rst,Configuring a Bucket ACL,en-us_image_0129832488.png,screenshot,pass,1.00,"Image shows a 'Configure Bucket ACL' dialog matching the figure caption in the RST. | Table lists grantees (owner, Anonymous User, Registered User, Log Delivery User) and permission columns (Full Control, Bucket Read, Bucket Write, ACL Read, ACL Write), consistent with the procedure. | Save and Cancel buttons are visible, matching step 3's instruction to click Save. | The dialog is referenced as Figure 1 in the procedure, so it is directly relevant to the section.",The owner row's name is partially obscured/blurred in the image. | No explicit indication of which checkboxes are pre-selected beyond the visible checked boxes.
umn/source/obs_browser_operation_guide/related_operations/configuring_the_system.rst,Configuring the System,en-us_image_0129866628.png,screenshot,pass,1.00,"Image is the System Configuration dialog on the General tab, matching Figure 1 referenced in step 3. | Shows Enable HTTPS, Enable certificate verification, Enable KMS encryption, Multipart Upload Part Size, Max Number of Tasks, Max Number of Download Tasks, consistent with Table 1. | Save and Cancel buttons visible at the bottom.",Label reads 'Max Number of Tasks' whereas the table says 'Max Number of Upload Tasks' (minor wording difference).
umn/source/obs_browser_operation_guide/related_operations/configuring_the_system.rst,Configuring the System,en-us_image_0129866667.png,screenshot,pass,1.00,"Image is the System Configuration dialog on the Network tab, matching Figure 2 referenced in step 4. | Shows Enable proxy, Address, Port (8080), Authentication, Username, Password, consistent with Table 2. | Save and Cancel buttons visible at the bottom.",
umn/source/obs_browser_operation_guide/related_operations/configuring_the_system.rst,Configuring the System,en-us_image_0129867351.png,screenshot,pass,1.00,"Image is the System Configuration dialog on the Other tab, matching Figure 3 referenced in step 5. | Shows Enable automatic update check and Number of Objects Displayed on Each Page (100), consistent with Table 3. | Save and Cancel buttons visible at the bottom.",
umn/source/obs_browser_operation_guide/related_operations/configuring_the_system.rst,Configuring the System,en-us_image_0237530299.png,icon,pass,1.00,"Image is a gear/settings pictogram, matching the |image1| icon referenced in step 2 for opening System Configuration. | Isolated symbolic graphic with no surrounding interface, consistent with an icon.",
umn/source/obs_browser_operation_guide/related_operations/configuring_the_system.rst,Configuring the System,en-us_image_0148639825.png,icon,pass,1.00,"Image is a circular refresh/rotate pictogram, matching the |image3| button referenced in step 5 to apply the page-size setting. | Isolated symbolic graphic with no surrounding interface, consistent with an icon.",
umn/source/obs_browser_operation_guide/related_operations/managing_accounts.rst,Managing Accounts,en-us_image_0129866022.png,screenshot,pass,1.00,"Image shows the 'Add Account' dialog with Service set to 'OBS', matching Figure 1 in the RST. | All fields described in the RST are visible: Account Name, Service, Access Key ID, Secret Access Key, and 'Remember my secret access key' checkbox. | OK and Cancel buttons are present at the bottom of the dialog. | The dialog title 'Add Account' and the instructional text at the top align with the RST description.",
umn/source/obs_browser_operation_guide/related_operations/managing_accounts.rst,Managing Accounts,en-us_image_0129867278.png,screenshot,pass,1.00,"Image shows the 'Add Account' dialog with Service set to 'Other object storage services', matching Figure 2 in the RST. | The Server Address field is visible, which is specific to the 'Other object storage services' option as described in the RST. | All other fields (Account Name, Access Key ID, Secret Access Key, Remember checkbox) are present. | OK and Cancel buttons are visible at the bottom.",
umn/source/obs_browser_operation_guide/related_operations/managing_accounts.rst,Managing Accounts,en-us_image_0237530299.png,icon,pass,0.88,"Image is a small gear/cog icon on a magenta background, matching the |image1| reference in the RST for accessing System Configuration. | The RST states to 'click |image1| in the upper right corner and click System Configuration', and this gear icon is the standard settings symbol. | The icon is isolated without surrounding UI context, so it provides limited visual evidence of its placement.",No surrounding UI context visible to confirm its position in the upper right corner of OBS Browser. | No label or text identifying it as a settings/configuration button.
umn/source/obs_browser_operation_guide/related_operations/updating_obs_browser.rst,Updating OBS Browser,en-us_image_0237530299.png,icon,pass,1.00,"The image is a gear/cog icon, a standard symbol for settings or configuration, which aligns with the RST describing clicking this icon to access System Configuration or Check for Update. | The RST references this same image three times (image1, image2, image3) as the button in the upper corner of OBS Browser for accessing update and configuration options. | The gear icon is semantically appropriate for a settings/configuration entry point in a browser application. | No contradictions between the icon's meaning and the document's described procedure.","The image is a standalone icon without surrounding UI context, so the exact placement in the upper corner cannot be visually confirmed from the image alone."
umn/source/obs_browser_operation_guide/server-side_encryption/uploading_a_file_with_server-side_encryption.rst,Uploading a File with Server-Side Encryption,en-us_image_0129858302.png,screenshot,pass,1.00,"Image shows the System Configuration > General dialog exactly as described in Figure 1 of the RST. | Enable HTTPS and Enable KMS encryption checkboxes are both checked, matching step 4 of the procedure. | The dialog includes Multipart Upload, Max Number of Tasks, and Max Number of Download Tasks fields consistent with OBS Browser settings. | Save and Cancel buttons are visible at the bottom, matching step 5 (Click Save).",
umn/source/obs_browser_operation_guide/server-side_encryption/uploading_a_file_with_server-side_encryption.rst,Uploading a File with Server-Side Encryption,en-us_image_0129858610.png,screenshot,pass,1.00,"Image shows the Properties dialog box as described in the RST for verifying encryption status. | The Encrypted field shows 'Yes' highlighted with a red box, matching the RST statement that 'Yes indicates server-side encryption has been implemented.' | Name field shows file-example.txt and URL field is present, consistent with an object properties view. | A Copy link is visible next to the URL, consistent with OBS Browser interface.",
umn/source/obs_browser_operation_guide/server-side_encryption/uploading_a_file_with_server-side_encryption.rst,Uploading a File with Server-Side Encryption,en-us_image_0237530299.png,icon,pass,1.00,"Image is a small gear/cog icon on a magenta background, matching the |image1| reference in the RST. | The RST states 'In the upper right corner on the page, click |image1|' to access System Configuration, and a gear icon is the standard symbol for settings/configuration. | The icon is consistent with the OBS Browser UI theme (magenta/pink background).","The icon is shown in isolation without surrounding UI context, so its exact placement in the upper right corner cannot be visually confirmed from the image alone."
umn/source/obs_browser_operation_guide/server-side_encryption/uploading_a_file_with_server-side_encryption.rst,Uploading a File with Server-Side Encryption,en-us_image_0237534488.png,icon,pass,1.00,"Image is a small document/list icon (resembling a properties or details symbol) on a gray background, matching the |image2| reference in the RST. | The RST states 'click |image2| on the right of the object list' to open the Properties dialog, and this icon is consistent with a properties/details action button. | The icon's appearance (lines within a rectangle) is a common representation for viewing object properties or details.","The icon is shown in isolation without surrounding UI context, so its exact placement on the right of the object list cannot be visually confirmed from the image alone."
umn/source/obs_browser_operation_guide/task_management.rst,Task Management,en-us_image_0237531615.png,icon,pass,1.00,"Image is a cloud with up/down transfer arrows, a symbolic icon. | RST step 2 instructs clicking |image1| in the upper right to open task management, matching a transfer/task entry icon. | No surrounding UI is shown, so it is an isolated symbol rather than a screenshot.",No full task-management page is visible to confirm the exact placement of the icon.
umn/source/obs_browser_operation_guide/task_management.rst,Task Management,en-us_image_0237531617.png,icon,pass,1.00,"Image shows two vertical bars, the standard pause symbol. | RST step 4 uses |image2| to suspend a running task, which aligns with a pause icon. | It is an isolated pictogram, not a full interface.",No task list context is visible to confirm the icon's position.
umn/source/obs_browser_operation_guide/task_management.rst,Task Management,en-us_image_0237531618.png,icon,pass,1.00,"Image shows a right-pointing triangle, the standard play/run symbol. | RST step 4 uses |image3| to continue a paused task and step 6 reuses it to run a failed task again, matching a play icon. | It is an isolated symbol without surrounding UI.",No task row or button label is visible to confirm exact usage.
umn/source/obs_browser_operation_guide/task_management.rst,Task Management,en-us_image_0237534487.png,icon,pass,1.00,"Image shows a trash-can symbol, the standard delete icon. | RST step 4 uses |image4| to delete a task and step 7 reuses it to delete a finished task record, matching a delete icon. | It is an isolated pictogram, not a screenshot.",No task list or confirmation dialog is visible to confirm placement.
umn/source/obs_browser_operation_guide/task_management.rst,Task Management,en-us_image_0237531619.png,icon,pass,1.00,"Image shows a circle with three dots, a 'more/options' symbol. | RST step 6 says to move the cursor over |image5| to view the failure cause, consistent with a more-options/info icon. | It is an isolated symbol without surrounding interface.",No tooltip or failure-cause text is visible to confirm the exact behavior.
umn/source/obs_browser_operation_guide/troubleshooting/blue_or_black_screen_of_death_occurs_during_file_upload_on_obs_browser.rst,Blue or Black Screen of Death Occurs During File Upload on OBS Browser,en-us_image_0129289143.png,screenshot,pass,0.90,"Image is a Windows 7 desktop screenshot showing the Computer context menu with Properties highlighted, the System Properties Advanced tab, and the Startup and Recovery dialog with the Dump file path highlighted, matching Figure 1 in the RST. | Red boxes mark Properties, the Settings button under Startup and Recovery, and the Dump file field, exactly as described in step 1 of the Answer section. | The screenshot supports the troubleshooting procedure for collecting dump files related to the OBS Browser blue/black screen issue. | Interactive controls (OK, Cancel, Apply, Settings, menu items) are visible.","The image does not show OBS Browser itself, only the Windows system properties step. | The exact Windows edition (Pro SP1 64-bit) is not directly verifiable from the visible UI text."
umn/source/obs_console_operation_guide/cloud_trace_service.rst,Cloud Trace Service,en-us_image_0136316120.png,other,fail,0.00,Local color check detected #3298ff.,
umn/source/obs_console_operation_guide/cloud_trace_service.rst,Cloud Trace Service,en-us_image_0148639306.png,icon,pass,0.90,"The image is a small location-pin (map marker) pictogram, matching the |image1| placeholder used in step 2 to select a region and project. | A location pin is the conventional symbol for a region/area selector in a management console, consistent with the RST instruction 'click |image1| to select a region and then project'. | The icon appears in the Procedure section where the navigation step is described, so it is contextually relevant. | The visual content (a single isolated pin symbol) is clearly visible and unambiguous. | No contradiction between the icon and the surrounding RST text.","The icon is generic and not specific to Cloud Trace Service, so it does not directly illustrate CTS functionality. | No surrounding UI context is shown to confirm the exact placement of the region selector."
umn/source/obs_console_operation_guide/configuring_user-defined_domain_names/configuring_a_user-defined_domain_name.rst,Configuring a User-Defined Domain Name,en-us_image_0000001458743966.png,screenshot,pass,1.00,"The image is a UI dialog titled 'Configure User Domain Name', matching the RST step 3 instruction to click Configure User Domain Name and enter the domain name. | It shows the 'User Domain Name' input field and an 'Add Domain Name' control, consistent with entering the domain name to configure. | The two-step flow (Add User Domain Name / Resolve CNAME) aligns with the RST's mention of configuring a CNAME record on the DNS. | The dialog includes interactive controls (OK, Cancel, Add Domain Name), confirming it is a screenshot of an application interface.","The RST mentions the suffix length rule (2 to 6 letters), which is not visible in the image. | The specific bucket name shown (test-zcy.obs.eu-de.otc.t-systems.com) is not referenced in the RST text."
umn/source/obs_console_operation_guide/cross-origin_resource_sharing/configuring_cors.rst,Configuring CORS,en-us_image_0145420855.png,screenshot,pass,1.00,"Image is a UI dialog titled 'Create CORS Rule', matching the RST Figure 1 caption 'Creating a CORS rule'. | All parameters listed in Table 1 (Allowed Origin, Allowed Method, Allowed Header, Exposed Header, Cache Duration (s)) are visible in the dialog. | Allowed Method shows Get, Post, Put, Delete, Head, consistent with the RST description of allowed methods. | Cache Duration default value 100 matches the RST stated default. | Dialog includes OK and Cancel buttons, consistent with the procedure step to click OK.","No bucket name or navigation context is visible, only the dialog itself. | The 'Learn more' link target is not shown."
umn/source/obs_console_operation_guide/cross-region_replication/cross-region_replication_overview.rst,Cross-Region Replication Overview,en-us_image_0136493204.png,other,pass,1.00,"The diagram depicts two OBS regions (Region 1 and Region 2) each containing a bucket, with a source (S) and destination (D) bucket connected by an arrow under 'Account A', directly illustrating cross-region replication. | It matches the RST description that source and destination buckets belong to the same account and reside in different regions. | The figure is referenced as Figure 1 in the overview section, making it topically and sectionally relevant. | No interactive UI controls are present; it is a static explanatory diagram.","The diagram does not show storage class, versioning, or replication rule details mentioned in the text, but these are not required for an overview figure."
umn/source/obs_console_operation_guide/event_notifications/application_example_configuring_smn-enabled_event_notification.rst,Application Example: Configuring SMN-Enabled Event Notification,en-us_image_0129426050.png,screenshot,pass,1.00,"Image shows the Create Bucket page with Region, Bucket Name, Default Storage Class, Bucket Policies, Server-Side Encryption, WORM, and Create Now button | Matches RST step 2 description: select a region and storage class, specify a bucket name, click Create Now | Figure 1 caption in RST is 'Creating a bucket' which aligns with the page title",
umn/source/obs_console_operation_guide/event_notifications/application_example_configuring_smn-enabled_event_notification.rst,Application Example: Configuring SMN-Enabled Event Notification,en-us_image_0000001180502786.png,screenshot,pass,1.00,Image shows a Create Folder dialog with 'SMN' entered as the folder name | Matches RST step 3: enter a folder name (SMN) and click OK | Naming rules are displayed consistent with folder creation context,
umn/source/obs_console_operation_guide/event_notifications/application_example_configuring_smn-enabled_event_notification.rst,Application Example: Configuring SMN-Enabled Event Notification,en-us_image_0145403235.png,screenshot,pass,1.00,"Image shows Create Event Notification dialog with Name=test, Events=ObjectCreated/ObjectRemoved, Prefix=SMN/, Notification Method=SMN topic, region=eu-de, topic=TestTopic | Matches RST step 6d: configure event notification parameters for SMN folder in bucket testbucket | Figure 3 caption 'Adding an event notification rule' aligns with the dialog content",
umn/source/obs_console_operation_guide/event_notifications/application_example_configuring_smn-enabled_event_notification.rst,Application Example: Configuring SMN-Enabled Event Notification,en-us_image_0129289372.png,screenshot,pass,1.00,"Image shows an email with JSON payload containing 'ObjectCreated:Post' event, bucket 'testbucket', object 'test.txt' | Matches RST Verification step 2: keyword ObjectCreated:Post indicates object successfully uploaded | Figure 4 caption 'Email details about the object uploading' aligns with content",
umn/source/obs_console_operation_guide/event_notifications/application_example_configuring_smn-enabled_event_notification.rst,Application Example: Configuring SMN-Enabled Event Notification,en-us_image_0129289481.png,screenshot,pass,1.00,"Image shows an email with JSON payload containing 'ObjectRemoved:Delete' event, bucket 'testbucket', object 'test.txt' | Matches RST Verification step 3: keyword ObjectRemoved:Delete indicates object successfully deleted | Figure 5 caption 'Email details about the object deleting' aligns with content",
umn/source/obs_console_operation_guide/event_notifications/application_example_configuring_smn-enabled_event_notification.rst,Application Example: Configuring SMN-Enabled Event Notification,en-us_image_0000001196392484.png,icon,partial,0.78,"Image is a small hamburger menu icon (three horizontal lines) | RST step 4 references |image1| as the icon to click in the upper left corner to choose Simple Message Notification | The icon is a generic navigation menu symbol, consistent with its use as a menu trigger","The icon is very small and low-resolution, making it difficult to confirm exact visual details | No label or text visible on the icon itself to confirm it specifically opens SMN navigation"
umn/source/obs_console_operation_guide/event_notifications/configuring_smn-enabled_event_notification.rst,Configuring SMN-Enabled Event Notification,en-us_image_0145117970.png,screenshot,pass,1.00,"Image is a UI dialog titled 'Create Event Notification', matching Figure 1 referenced in the Procedure step 3. | Dialog fields (Name, Events, Prefix, Suffix, SMN topic project/topic) align with Table 1 parameters in the RST. | Events section lists ObjectCreated, Put, Post, Copy, CompleteMultipartUpload, ObjectRemoved, Delete, DeleteMarkerCreated, consistent with the RST event types. | Notification Method shows 'SMN topic' selected with project and topic dropdowns, matching the SMN Topic parameter description. | OK and Cancel buttons correspond to the 'Click OK' step in the procedure.","No explicit indication of the bucket or navigation pane context, but the dialog itself is fully visible and relevant."
umn/source/obs_console_operation_guide/event_notifications/smn-enabled_event_notifications.rst,SMN-Enabled Event Notifications,en-us_image_0136295107.png,other,fail,0.00,Local color check detected #3298ff.,
umn/source/obs_console_operation_guide/getting_started/configuring_user_permissions.rst,Configuring User Permissions,en-us_image_0170301902.png,other,fail,0.00,Local color check detected #3298ff.,
umn/source/obs_console_operation_guide/getting_started/creating_a_bucket.rst,Creating a Bucket,en-us_image_0129426050.png,screenshot,pass,1.00,"Image is a UI screenshot of the OBS Console 'Create Bucket' page, matching Figure 1 referenced in the RST. | Visible fields (Region, Bucket Name, Default Storage Class, Bucket Policies, Server-Side Encryption, WORM) align with Table 1 parameters in the document. | Storage class options Standard/Warm/Cold and policy options Private/Public Read/Public Read/Write match the described values. | The 'Create Now' button at the bottom corresponds to step 3 of the procedure. | No visible contradiction between the image content and the RST description.",Tags parameter described in Table 1 is not visible in the screenshot (page appears cut off below WORM). | The 'Create Bucket' button on the homepage (step 1) is not shown; only the resulting page is displayed.
umn/source/obs_console_operation_guide/getting_started/process_description.rst,Process Description,en-us_image_0129289009.png,other,fail,0.00,Local color check detected #3298ff.,
umn/source/obs_console_operation_guide/getting_started/uploading_an_object.rst,Uploading an Object,en-us_image_0000002235397602.png,screenshot,pass,1.00,"The image is a UI screenshot of the 'Upload Object' dialog on the '(Optional) Configure Advanced Settings' step, matching the figure caption 'Configuring metadata, WORM retention, or object tags'. | It displays the Metadata name/value fields with an Add button, the Retention section with 'Inherit from bucket' and 'Configure' options, Retention Mode (Compliance), Retain Until date, and Tags key/value fields, all described in RST step 6. | The wizard step indicator (step 2 highlighted) aligns with the RST instruction to click 'Next: (Optional) Configure Advanced Settings'. | Bottom navigation buttons (Previous: Upload Objects, Cancel, Upload) are consistent with the upload procedure.","No specific metadata keys (e.g., ContentDisposition, ContentType) are pre-filled, but the RST only requires the ability to add them, so this is not a contradiction."
umn/source/obs_console_operation_guide/lifecycle_management/configuring_a_lifecycle_rule.rst,Configuring a Lifecycle Rule,en-us_image_0000002134300396.png,screenshot,pass,1.00,"The image is a 'Create Lifecycle Rule' dialog, matching the RST figure caption 'Figure 1 Creating a lifecycle rule'. | It displays the Basic Information fields described in the RST: Status (Enable/Disable), Rule Name, Prefix, and Tag. | The dialog aligns with procedure step 4 (Configure a lifecycle rule) of the 'Configuring a Lifecycle Rule' section. | Interactive controls (radio buttons, Cancel, OK, close) are visible, consistent with a configuration UI.","The image only shows the Basic Information portion; the Current/Historical Version transition and deletion fields described in the RST are not visible in this screenshot. | No example values for transition-to-Warm/Cold or delete-after-days are shown, so those details cannot be visually confirmed."
umn/source/obs_console_operation_guide/lifecycle_management/lifecycle_management_overview.rst,Lifecycle Management Overview,en-us_image_0138955590.png,other,pass,1.00,"The image is a conceptual lifecycle diagram showing Standard, Warm, and Cold storage classes with transition arrows, matching the RST's description of transitioning objects between storage classes. | The 'Automatic deletion upon expiration' element with a trash icon aligns with the RST's expiration/deletion rule. | The figure caption in the RST ('Figure 1 Lifecycle management') directly corresponds to this diagram. | No interactive UI controls are present; it is a static explanatory diagram.","The diagram does not show the specific day thresholds (e.g., 30-day minimum) mentioned in the RST text. | No object name prefix or policy element is depicted, though the RST lists it as a key element."
umn/source/obs_console_operation_guide/logging/configuring_access_logging_for_a_bucket.rst,Configuring Access Logging for a Bucket,en-us_image_0000001226260767.png,screenshot,pass,1.00,"The image is a UI screenshot of the 'Logging' dialog box, matching the figure caption 'Figure 1 Logging' in the RST. | It shows the 'Enable' radio button selected, consistent with step 4 of the procedure. | It displays 'Save Logs To' (target bucket) and 'Log File Name Prefix' fields, matching steps 5 and 6. | The prefix 'test-log/' ends with a slash, consistent with the RST note about storing logs in a folder. | It includes 'OK' and 'Cancel' buttons, matching step 7 (click OK).","The 'Save Logs To' dropdown is not expanded, so the selected target bucket is not visible. | No log file naming example is shown in the dialog itself."
umn/source/obs_console_operation_guide/managing_buckets/creating_a_bucket.rst,Creating a Bucket,en-us_image_0129426050.png,screenshot,pass,1.00,"The image is a UI screenshot of the OBS Console 'Create Bucket' page, matching Figure 1 referenced in step 1 of the Procedure. | Visible fields (Region, Bucket Name, Default Storage Class, Bucket Policies, Server-Side Encryption, WORM) align with the parameters described in Table 1. | The 'Create Now' button at the bottom right corresponds to step 3 of the procedure. | Storage class options (Standard, Warm, Cold) and policy options (Private, Public Read, Public Read/Write) match the RST descriptions. | No visible contradiction between the image content and the document text.","The Tags parameter listed in Table 1 is not visible in the screenshot (likely below the visible area). | The 'Create Bucket' button on the homepage (step 1 trigger) is not shown, only the resulting page."
umn/source/obs_console_operation_guide/managing_buckets/searching_for_a_bucket.rst,Searching for a Bucket,en-us_image_0000002148384433.png,screenshot,pass,0.88,"Screenshot shows the OBS Console search/filter interface with a dropdown menu open, matching Figure 1 description | Dropdown displays filter options including Bucket Name, Region, Storage Class, and Enterprise Project | Search box with placeholder text 'Search or filter by keyword' is visible above the bucket list | Bucket list with Storage Class column showing 'Standard' values is visible in the background | Export button and bucket creation limit text are visible at the top","The RST describes Bucket Name, Storage Class, and Region as level-1 drop-down options, but the image shows them as level-2 items under 'Client Filtering' and 'API Filtering' categories | No level-2 sub-options are visible in the image (the dropdown only shows the first level of the filter hierarchy)"
umn/source/obs_console_operation_guide/managing_buckets/searching_for_a_bucket.rst,Searching for a Bucket,en-us_image_0000002112749382.png,screenshot,pass,1.00,"Screenshot shows search results after entering keyword 'test' in the search box, matching Figure 2 description | Search box displays 'Keyword: test' with a clear button and 'Add filter' link | Bucket list shows results including test-2, test, and other buckets containing 'test' in their names | Storage Class column shows 'Standard' for all results | Directly matches the RST step 2 example of entering 'test' and pressing Enter",Some bucket names are partially obscured/redacted in the image | The 'Add filter' link is visible but its functionality is not described in the RST
umn/source/obs_console_operation_guide/managing_buckets/searching_for_a_bucket.rst,Searching for a Bucket,en-us_image_0000002112750646.png,icon,pass,0.83,"Small sort icon (up and down arrows) used as a reference in the Related Operations section | Matches the RST description of clicking an icon next to column headers to sort buckets | The icon is a standard sort indicator (two triangles pointing up and down) | Referenced as |image1| in the Related Operations section for sorting by bucket name, storage class, region, etc.","The icon is very small and low-resolution, making it difficult to see fine details | No context of the full UI is shown, only the isolated sort symbol"
umn/source/obs_console_operation_guide/managing_buckets/viewing_basic_information_of_a_bucket.rst,Viewing Basic Information of a Bucket,en-us_image_0000002112645856.png,screenshot,pass,1.00,"Image shows the Overview page header with bucket name 'test-zcy', storage class 'Standard', region 'eu-de', and creation time, matching Figure 1 and Table 1. | Breadcrumb 'Bucket List / Overview' aligns with the navigation steps described in the RST. | A copy icon is visible next to the bucket name, indicating an interactive control.",
umn/source/obs_console_operation_guide/managing_buckets/viewing_basic_information_of_a_bucket.rst,Viewing Basic Information of a Bucket,en-us_image_0000002112647992.png,screenshot,pass,1.00,"Image displays the 'Basic Information' area with Objects, Used Capacity, Bucket Version, and Account ID, matching Figure 2 and Table 2. | Values (Objects: 1, Used Capacity: 0 byte, Bucket Version: 3.0) are consistent with the described parameters. | Account ID is partially redacted, which is acceptable for documentation.",Account ID is partially obscured/redacted.
umn/source/obs_console_operation_guide/managing_buckets/viewing_basic_information_of_a_bucket.rst,Viewing Basic Information of a Bucket,en-us_image_0000002148131281.png,screenshot,pass,1.00,"Image shows the 'Domain Name Details' table with Type, Domain Name, Protocol, and Operation columns, matching Figure 3. | Rows for Endpoint, Access Domain Name, and Static website hosting domain name are present as described. | Operation column contains interactive controls ('Bind User Domain Name', 'Configure').",Some domain name values are partially redacted.
umn/source/obs_console_operation_guide/managing_buckets/viewing_basic_information_of_a_bucket.rst,Viewing Basic Information of a Bucket,en-us_image_0000002148261453.png,screenshot,pass,1.00,"Image shows the 'Basic Configurations' area with cards for Logging, Server-Side Encryption, Requester Pays, WORM Retention, and Versioning, matching Figure 4. | Each card shows a status (Not configured / Enabled) and a navigation chevron, consistent with the RST description of clicking a card to configure. | Interactive chevron controls are visible on each card.",
umn/source/obs_console_operation_guide/managing_buckets/viewing_basic_information_of_a_bucket.rst,Viewing Basic Information of a Bucket,en-us_image_0000002112504678.png,screenshot,pass,1.00,"Image shows the 'Export' button highlighted in the upper left of the bucket list, matching Figure 5 and the 'Exporting a Bucket List' section. | Bucket list with Bucket Name and Storage Class columns and checkboxes is visible. | Interactive Export button and checkboxes are present.",Some bucket names are partially redacted.
umn/source/obs_console_operation_guide/managing_buckets/viewing_basic_information_of_a_bucket.rst,Viewing Basic Information of a Bucket,en-us_image_0000002112506422.png,screenshot,pass,1.00,"Image shows the 'Export' button with a count badge and a selected bucket (checked checkbox highlighted), matching Figure 6 'Exporting the selected buckets'. | The selection state aligns with the RST step of selecting buckets before exporting. | Interactive Export button and checkboxes are visible.",Some bucket names are partially redacted.
umn/source/obs_console_operation_guide/managing_objects/accessing_an_object_using_its_url.rst,Accessing an Object Using Its URL,en-us_image_0129482329.png,screenshot,pass,1.00,"The image is a UI screenshot of an object detail panel showing Name, Last Modified, Link, Storage Class, Size, and Version ID fields. | The Link field is highlighted with a red box and contains a URL (https://te...n/test.txt) with a copy icon, matching the RST description of the object's sharing link in the Link area. | This corresponds to Figure 1 referenced in Procedure step 2 about finding the object's sharing link. | The URL format shown is consistent with the described https://Bucket name.Domain name/.../Object name pattern. | No contradiction between the image content and the RST text.","The full URL is partially truncated in the display, so the exact bucket name and domain are not fully visible."
umn/source/obs_console_operation_guide/managing_objects/restoring_an_object_from_cold_storage.rst,Restoring an Object from Cold Storage,en-us_image_0129533894.png,screenshot,pass,1.00,"Image is a UI dialog titled 'Restore Object' matching Figure 1 referenced in step 2 of the procedure | Shows Validity Period set to 30 days (the default mentioned in the table) and Speed set to Standard (3 to 5 hours), matching the parameter descriptions | Displays Expedited, Standard, and Bulk speed options exactly as listed in Table 1 | Contains OK and Cancel buttons consistent with step 4 (Click OK) | The 'You have selected 1 object' text aligns with the single-file restore scenario described",
umn/source/obs_console_operation_guide/managing_objects/searching_for_an_object_or_folder.rst,Searching for an Object or Folder,en-us_image_0000002112799428.png,screenshot,pass,1.00,"Image shows the OBS Console Objects page with a Storage Class dropdown open, matching Figure 1 description | The dropdown displays options (Select all), Standard (checked), Warm, Cold, Intelligent Tiering as described in the RST | The search box shows 'Storage Class: Add filter' consistent with step 2a | Object list shows test folder and test.txt file, consistent with the example context",
umn/source/obs_console_operation_guide/managing_objects/searching_for_an_object_or_folder.rst,Searching for an Object or Folder,en-us_image_0000002112961384.png,screenshot,pass,1.00,"Image shows the Last Modified filter panel with Start Date set to 2023-10-10 13:00:00, matching the RST example exactly | The search box shows 'Last Modified: Add filter' consistent with step 3a | End Date field shows 'Select a date and time.' placeholder, consistent with the note that either start or end date must be specified | OK and Cancel buttons are visible at the bottom of the panel",
umn/source/obs_console_operation_guide/managing_objects/searching_for_an_object_or_folder.rst,Searching for an Object or Folder,en-us_image_0000002112804116.png,screenshot,pass,1.00,"Image shows the Object Name Prefix filter with 'te' entered, matching Figure 3 and the RST example | The object list displays test folder and test.txt, both matching the 'te' prefix | Storage Class column shows '--' for the folder and 'Standard' for the file, consistent with expected results | Total Records: 2 is displayed, confirming the filter results",
umn/source/obs_console_operation_guide/managing_objects/searching_for_an_object_or_folder.rst,Searching for an Object or Folder,en-us_image_0000002148446593.png,screenshot,pass,1.00,Image shows 'stan' typed in the search box with a dropdown displaying 'Client Filtering Values' and 'Storage Class: Standard' | This exactly matches the RST description: 'Suppose you enter stan in the search box. The system will then display the Standard storage class.' | The object list shows test folder and test.txt with Standard storage class | The search box is highlighted with a red border indicating active input,
umn/source/obs_console_operation_guide/managing_objects/searching_for_an_object_or_folder.rst,Searching for an Object or Folder,en-us_image_0000002148572577.png,screenshot,pass,1.00,"Image shows the Object Name Prefix filter with 'te' applied, matching Figure 5 description | The object list displays test folder and test.txt, both matching the 'te' prefix as described in the RST | Storage Class column shows '--' for folder and 'Standard' for file | Total Records: 2 confirms the filtered results",
umn/source/obs_console_operation_guide/managing_objects/searching_for_an_object_or_folder.rst,Searching for an Object or Folder,en-us_image_0000001627960406.png,icon,pass,0.88,"Image is a small sort icon (up/down triangles) referenced in the Related Operations section | The RST states 'click |image1| next to the size or last modified time to sort objects', and this icon represents that sort control | The icon is small and somewhat blurry, limiting detailed visual assessment | It is an isolated UI symbol, not a full screenshot","The icon is very small and low-resolution, making it difficult to confirm exact visual details | No surrounding context (column headers) is visible to confirm placement next to size or last modified time"
umn/source/obs_console_operation_guide/managing_objects/sharing_an_object.rst,Sharing an Object,en-us_image_0000001523534634.png,screenshot,pass,1.00,"The image is a 'Share File' dialog box, directly matching the RST figure caption 'Figure 1 Sharing a file'. | It displays File Name (test.txt), URL Validity Period (5 Minutes), and Link Info with a generated URL, consistent with the RST description of the temporary URL and default five-minute validity. | The dialog shows the three operations described in step 3: 'Open in Browser', 'Copy Link', and 'Copy Path', plus a 'Close' button. | The note about validity between 1 minute and 18 hours and the OBS Browser+ link for longer periods matches the Constraints section. | No clear contradiction between the image content and the RST text.","The URL in the Link Info area is partially blurred, so the exact AccessKeyId, Expires, x-obs-security-token, and Signature parameters cannot be fully verified. | The RST labels the first action 'Open URL' while the image shows 'Open in Browser'; this is a minor wording difference rather than a substantive gap."
umn/source/obs_console_operation_guide/managing_objects/uploading_an_object.rst,Uploading an Object,en-us_image_0000002235397602.png,screenshot,pass,1.00,"Image is a UI screenshot of the 'Upload Object' dialog on the '(Optional) Configure Advanced Settings' step, matching the figure caption 'Configuring metadata, WORM retention, or object tags'. | The screenshot shows Metadata name/value fields with an Add button, matching the RST description of adding metadata entries. | The Retention section with 'Inherit from bucket' and 'Configure' options, plus Retention Mode (Compliance) and Retain Until date, matches the WORM retention configuration described in the RST. | The Tags section with Tag key and Tag value fields matches the RST description of configuring object tags. | Bottom navigation buttons (Previous: Upload Objects, Cancel, Upload) are consistent with the upload procedure steps.","The image does not show the specific metadata keys (ContentDisposition, ContentLanguage, etc.) named in the RST, only generic name/value fields. | No bucket or object context is visible to confirm the exact bucket being operated on."
umn/source/obs_console_operation_guide/monitoring/monitoring_obs.rst,Monitoring OBS,en-us_image_0198863546.png,other,pass,1.00,"The image is a conceptual flow diagram (not a UI screenshot or isolated icon) illustrating Cloud Eye monitoring with OBS reporting metrics. | It directly matches the 'Monitoring OBS' topic by showing OBS reporting metrics to Cloud Eye and a user configuring an alarm rule. | The three output boxes (Overview, Alarm rules, Cloud service monitoring) align with the RST's discussion of automatic monitoring, alarm rules, and viewing metrics. | The figure is placed in the 'Scenarios' section and visually supports the described monitoring scenario. | No element in the diagram contradicts the surrounding text.","The diagram does not explicitly depict event monitoring, which the RST also mentions. | No actual console UI is shown, only an abstract schematic."
umn/source/obs_console_operation_guide/object_metadata/configuring_object_metadata.rst,Configuring Object Metadata,en-us_image_0129757763.png,screenshot,pass,1.00,"Image shows an 'Add Metadata' dialog with Name and Value input fields, matching the RST step to click Add and specify metadata. | The dialog includes OK and Cancel buttons consistent with the subsequent 'Click OK' step. | Figure caption 'Adding metadata' aligns with the visible dialog title and content.","No bucket or object context is visible, only the metadata dialog itself."
umn/source/obs_console_operation_guide/permissions_control/bucket_policy_parameters/effect.rst,Effect,en-us_image_0168267011.png,other,fail,0.00,Local color check detected #3298ff.,
umn/source/obs_console_operation_guide/permissions_control/configuring_a_bucket_policy/configuring_a_custom_bucket_policy_common_mode.rst,Configuring a Custom Bucket Policy (Common Mode),en-us_image_0000002150539585.png,screenshot,pass,1.00,"The image is a UI screenshot titled 'Create Bucket Policy' showing the Visual Editor tab, matching the RST figure 'Figure 1 Configuring a bucket policy'. | All parameters described in Table 1 are visible: Policy Name, Effect (Allow/Deny), Principal (All accounts, Current account, Other accounts, Federated user), Resources (Entire bucket, Current bucket, Specified objects), Actions (Use a template / Customize), and Conditions (Optional). | The 'Customize' option under Actions is highlighted, consistent with the RST instruction to choose Customize for Actions. | The Visual Editor / JSON tabs correspond to the Policy View parameter described in the RST. | Interactive controls (Create, Cancel, Select Actions, Add Condition, radio and checkbox controls) are visible.",The Advanced Settings > Exclude section described in the RST is not visible in this screenshot (likely below the fold). | The specific action list under 'Select Actions' is not expanded in the image.
umn/source/obs_console_operation_guide/permissions_control/configuring_a_bucket_policy/configuring_a_standard_bucket_policy.rst,Configuring a Standard Bucket Policy,en-us_image_0000002149754337.png,screenshot,pass,1.00,"Screenshot of the OBS Console 'Create Bucket Policy' dialog, matching the procedure step of choosing a policy template. | The 'Public Read' template is highlighted, consistent with Figure 1 caption 'Choosing the Public Read template'. | Principal 'All accounts' and Resource 'Entire bucket (including the objects in it)' align with the Public Read row in Table 1. | Visible interactive controls (radio buttons, checkboxes, Create/Cancel buttons) confirm a UI screenshot.",
umn/source/obs_console_operation_guide/permissions_control/configuring_a_bucket_policy/configuring_a_standard_bucket_policy.rst,Configuring a Standard Bucket Policy,en-us_image_0000002269450037.png,screenshot,pass,1.00,"Screenshot of the 'Create Bucket Policy' dialog with the 'Public Read/Write' template highlighted. | Matches Figure 2 caption 'Choosing the Public Read/Write template'. | Principal 'All accounts' and Resource 'Entire bucket' match the Public Read/Write row in Table 1. | Interactive controls (radio buttons, checkboxes, Create/Cancel) are visible.",
umn/source/obs_console_operation_guide/permissions_control/configuring_a_bucket_policy/configuring_a_standard_bucket_policy.rst,Configuring a Standard Bucket Policy,en-us_image_0000002234450870.png,screenshot,pass,1.00,"Screenshot of the 'Create Bucket Policy' dialog with the 'Bucket Read-Only' template highlighted. | Matches Figure 3 caption 'Choosing the Bucket Read-Only template'. | Principal 'Current account' and Resource 'Entire bucket' align with the Bucket Read-Only row in Table 1. | Interactive controls (checkboxes, radio buttons, Create/Cancel) are visible.",
umn/source/obs_console_operation_guide/permissions_control/configuring_a_bucket_policy/configuring_a_standard_bucket_policy.rst,Configuring a Standard Bucket Policy,en-us_image_0000002149763349.png,screenshot,pass,1.00,"Screenshot of the 'Create Bucket Policy' dialog with the 'Bucket Read/Write' template highlighted. | Matches Figure 4 caption 'Choosing the Bucket Read/Write template'. | Principal 'Current account' and Resource 'Entire bucket' align with the Bucket Read/Write row in Table 1. | Interactive controls (checkboxes, radio buttons, Create/Cancel) are visible.",
umn/source/obs_console_operation_guide/permissions_control/configuring_a_bucket_policy/configuring_a_standard_bucket_policy.rst,Configuring a Standard Bucket Policy,en-us_image_0000002149764793.png,screenshot,pass,1.00,"Screenshot of the 'Create Bucket Policy' dialog with the 'Directory Read-Only' template highlighted. | Matches Figure 5 caption 'Choosing the Directory Read-Only template'. | Resources 'Current bucket' + 'Specified objects' align with the Directory Read-Only row in Table 1. | Interactive controls (checkboxes, radio buttons, Create/Cancel) are visible.",
umn/source/obs_console_operation_guide/permissions_control/configuring_a_bucket_policy/configuring_a_standard_bucket_policy.rst,Configuring a Standard Bucket Policy,en-us_image_0000002149728845.png,screenshot,pass,1.00,"Screenshot of the 'Create Bucket Policy' dialog with the 'Directory Read/Write' template highlighted. | Matches Figure 6 caption 'Choosing the Directory Read/Write template'. | Resources 'Current bucket' + 'Specified objects' align with the Directory Read/Write row in Table 1. | Interactive controls (checkboxes, radio buttons, Create/Cancel) are visible.",
umn/source/obs_console_operation_guide/permissions_control/configuring_a_bucket_policy/configuring_a_standard_bucket_policy.rst,Configuring a Standard Bucket Policy,en-us_image_0000002114091864.png,screenshot,pass,1.00,"Screenshot of the 'Create Bucket Policy' dialog with the 'Object Read-Only' template highlighted. | Matches Figure 7 caption 'Choosing the Object Read-Only template'. | Resource 'Specified objects' aligns with the Object Read-Only row in Table 1. | Interactive controls (checkboxes, radio buttons, Create/Cancel) are visible.",
umn/source/obs_console_operation_guide/permissions_control/configuring_a_bucket_policy/configuring_a_standard_bucket_policy.rst,Configuring a Standard Bucket Policy,en-us_image_0000002149771037.png,screenshot,pass,1.00,"Screenshot of the 'Create Bucket Policy' dialog with the 'Object Read/Write' template highlighted. | Matches Figure 8 caption 'Choosing the Object Read/Write template'. | Resource 'Specified objects' aligns with the Object Read/Write row in Table 1. | Interactive controls (checkboxes, radio buttons, Create/Cancel) are visible.",
umn/source/obs_console_operation_guide/permissions_control/configuring_iam_policies/creating_an_iam_user_and_granting_obs_permissions.rst,Creating an IAM User and Granting OBS Permissions,en-us_image_0170301902.png,other,fail,0.00,Local color check detected #3298ff.,
umn/source/obs_console_operation_guide/permissions_control/permission_control_mechanisms/iam_policies.rst,IAM Policies,en-us_image_0170555653.png,other,fail,0.00,Local color check detected #3298ff.,
umn/source/obs_console_operation_guide/permissions_control/permission_control_mechanisms/iam_policies.rst,IAM Policies,en-us_image_0209418410.png,other,pass,1.00,"The image is a structural diagram labeled as Figure 1 'Policy structure', matching the RST figure reference. | It depicts a policy containing a Version and multiple Statements (Statement 1, Statement 2, ...), consistent with the RST text 'A policy consists of a version and statements.' | The right-hand box lists Effect, Action, Resource, and Condition, exactly the statement parameters described in Table 1. | The arrow from the Statement group to the parameter box visually conveys that each statement comprises these fields. | No interactive UI controls are present; it is a static explanatory diagram.","The diagram does not show the JSON syntax or example values, but those are provided in the surrounding code block and table."
umn/source/obs_console_operation_guide/permissions_control/permission_control_mechanisms/which_access_control_policies_apply_when_they_conflict.rst,Which Access Control Policies Apply When They Conflict?,en-us_image_0168203499.png,other,fail,0.00,Local color check detected #3298ff.,
umn/source/obs_console_operation_guide/permissions_control/permission_control_mechanisms/which_access_control_policies_apply_when_they_conflict.rst,Which Access Control Policies Apply When They Conflict?,en-us_image_0168203521.png,other,fail,0.00,Local color check detected #3298ff.,
umn/source/obs_console_operation_guide/related_operations/creating_an_iam_agency.rst,Creating an IAM Agency,en-us_image_0000002269635345.png,screenshot,pass,1.00,"The image is a UI screenshot of the IAM custom policy configuration form, matching the RST figure caption 'Figure 1 Configuring a custom policy'. | It shows the 'Object Storage Service' service, 'Actions: 18', and 'Specific' resource scope, consistent with the RST steps for selecting OBS and Specific resources. | The object resource paths OBS:*:*:object:piccomp/* and OBS:*:*:object:piccomp-output/* and bucket paths OBS:*:*:bucket:piccomp and OBS:*:*:bucket:piccomp-output exactly match the examples given in the RST. | Interactive controls (Specify resource path buttons, Add Resource Path, Select Existing Policy/Role, Add Permissions, edit/delete icons, Visual editor/JSON tabs) are visible.","The policy name shown ('policyhfaelk') is an arbitrary example and not specified in the RST, but this does not contradict the documentation. | The individual 18 actions are not itemized in the image, only the count is shown."
umn/source/obs_console_operation_guide/requester_pays.rst,Requester Pays,en-us_image_0250427066.png,screenshot,pass,1.00,"The image is a UI dialog titled 'Requester Pays', matching the figure caption 'Figure 1 Requester pays' in the RST. | It shows the Enable/Disable radio options and the explanatory text for each, consistent with step 4 of the RST. | It includes the OK and Cancel buttons referenced in step 5 (Click OK). | The info banner text matches the RST description of requester being charged for requests and data transfer. | The dialog corresponds to the 'Configuring Requester Pays' section, step 3 where the dialog is displayed.","The image shows 'Disable' selected, whereas the RST step 4 instructs selecting 'Enable'; the figure is illustrative of the dialog rather than the final selected state."
umn/source/obs_console_operation_guide/server-side_encryption/enabling_server-side_encryption_when_uploading_an_object.rst,Enabling Server-Side Encryption When Uploading an Object,en-us_image_0000002113097516.png,screenshot,pass,1.00,"The image is the 'Upload Object' dialog showing the Server-Side Encryption section set to SSE-KMS and Encryption Key Type set to Default, matching the Figure 1 caption 'Encrypting an object to be uploaded'. | It directly illustrates procedure step 4, where the user chooses SSE-KMS and selects the default key (or Custom) for encryption. | Interactive controls are visible (SSE-KMS, Disable, Default, Custom, Upload, Cancel, Next). | The on-screen note 'Encryption is recommended to keep data secure' and the default-key explanation align with the RST text.",The Custom key drop-down list and 'Create KMS Key' option are not visible in this view; only the Default/Custom toggle is shown. | The post-upload object details page showing the encryption status is not depicted.
umn/source/obs_console_operation_guide/static_website_hosting/configuring_redirection.rst,Configuring Redirection,en-us_image_0000002134970296.png,screenshot,pass,1.00,"The image is a UI dialog titled 'Configure Static Website Hosting', matching the figure caption 'Configuring redirection'. | It shows the 'Redirect requests' hosting type selected and a 'Redirect To' field for entering a bucket access domain name or URL, exactly as described in step 5. | The dialog includes interactive controls (Status toggle, hosting type options, OK and Cancel buttons). | The content aligns with the Procedure section of the RST without contradiction.",The RST labels the field 'Hosting By' while the image shows 'Hosting Type'; a minor wording difference but not a substantive contradiction.
umn/source/obs_console_operation_guide/static_website_hosting/configuring_static_website_hosting.rst,Configuring Static Website Hosting,en-us_image_0145846197.png,screenshot,pass,1.00,"The image is the 'Configure Static Website Hosting' dialog, exactly matching the figure referenced in the Procedure (Figure 1). | Visible fields (Status toggle, Hosting Type, Homepage, 404 Error Page, Redirection Rule) correspond to RST steps 5-8. | Homepage note 'Only HTML files under the root directory are supported' and 404 note 'HTML, JPG, PNG, BMP, and WEBP' match the RST descriptions. | The dialog includes interactive controls (toggle, tabs, OK/Cancel buttons), consistent with a console UI screenshot.",The image does not show the bucket list or navigation pane steps described earlier in the procedure. | No specific configured values are shown; fields display only placeholder examples.
umn/source/obs_console_operation_guide/static_website_hosting/static_website_hosting_overview.rst,Static Website Hosting Overview,en-us_image_0136405078.png,other,pass,1.00,"The image is a flow diagram illustrating static website hosting, matching the document title and topic. | It shows users accessing a website, DNS converting the domain to a CNAME, and Company A configuring static website hosting on an OBS bucket, consistent with the RST description. | The figure caption 'Static website hosting' aligns with the overview section content. | No interactive UI controls are present; it is a conceptual diagram.","The diagram does not show the two-minute configuration delay mentioned in the text, but this is not required for the figure."
umn/source/obs_console_operation_guide/static_website_hosting/using_a_user-defined_domain_name_to_configure_static_website_hosting.rst,Using a User-Defined Domain Name to Configure Static Website Hosting,en-us_image_0129288906.png,other,pass,1.00,"Image is a flowchart/diagram illustrating the architecture of using a user-defined domain name to access a hosted static website. | Shows Users accessing www.example.com, DNS converting the domain to CNAME, and Company A configuring static website hosting on the OBS bucket. | Directly matches Figure 1 caption and the Scenario section description in the RST. | All elements (Users, DNS, OBS bucket, domain name) align with the documented scenario.",
umn/source/obs_console_operation_guide/static_website_hosting/using_a_user-defined_domain_name_to_configure_static_website_hosting.rst,Using a User-Defined Domain Name to Configure Static Website Hosting,en-us_image_0000002275909777.png,screenshot,pass,1.00,"Screenshot of the Upload Object dialog in OBS Console, matching Figure 2 caption. | Shows Storage Class options (Inherit from bucket, Standard, Warm, Cold), drag-and-drop upload area, and Server-Side Encryption toggle set to Disabled. | Aligns with step 3 (Upload static website files) in the Procedure section. | The 'add files' link and Upload button are visible, matching the RST instructions.",
umn/source/obs_console_operation_guide/static_website_hosting/using_a_user-defined_domain_name_to_configure_static_website_hosting.rst,Using a User-Defined Domain Name to Configure Static Website Hosting,en-us_image_0145846197.png,screenshot,pass,1.00,"Screenshot of the Configure Static Website Hosting dialog, matching Figure 3 caption. | Shows Status toggle enabled, Hosting Type set to 'Host a static website', Homepage field with example index.html, and 404 Error Page field with example error.html. | Directly corresponds to step 4 (Configure static website hosting) in the Procedure section. | The OK and Cancel buttons are visible at the bottom of the dialog.",
umn/source/obs_console_operation_guide/static_website_hosting/using_a_user-defined_domain_name_to_configure_static_website_hosting.rst,Using a User-Defined Domain Name to Configure Static Website Hosting,en-us_image_0000001121218940.png,screenshot,pass,1.00,"Screenshot of the Configure User Domain Name dialog, matching Figure 4 caption. | Shows two-step process (Add User Domain Name, Resolve CNAME), Origin Server with bucket domain name, and User Domain Name input field. | Directly corresponds to step 5 (Bind a user-defined domain name) in the Procedure section. | The Add Domain Name button and OK/Cancel buttons are visible.",
umn/source/obs_console_operation_guide/static_website_hosting/using_a_user-defined_domain_name_to_configure_static_website_hosting.rst,Using a User-Defined Domain Name to Configure Static Website Hosting,en-us_image_0129289255.png,screenshot,pass,1.00,"Browser screenshot showing the default homepage at www.example.com, matching Figure 5 caption. | Page content reads 'Welcome to use OBS static website hosting.' and 'This is the homepage.', matching the index.html content in the RST. | Directly corresponds to the verification step (step 7) in the Procedure section. | Tab title 'Hello OBS!' matches the HTML title in the RST code block.",
umn/source/obs_console_operation_guide/static_website_hosting/using_a_user-defined_domain_name_to_configure_static_website_hosting.rst,Using a User-Defined Domain Name to Configure Static Website Hosting,en-us_image_0129289469.png,screenshot,pass,1.00,"Browser screenshot showing the 404 error page at www.example.com/imgs, matching Figure 6 caption. | Page content reads 'Welcome to use OBS static website hosting.' and 'This is the 404 error page.', matching the error.html content in the RST. | Directly corresponds to the verification step (step 7) in the Procedure section. | Tab title 'Hello OBS!' matches the HTML title in the RST code block.",
umn/source/obs_console_operation_guide/tags/adding_tags_to_a_bucket.rst,Adding Tags to a Bucket,en-us_image_0000002169013913.png,screenshot,pass,1.00,"The image is a UI dialog titled 'Add Tag', matching the figure caption 'Figure 1 Add Tag' in step 3 of the Procedure. | The dialog contains 'Tag key' and 'Tag value' input fields, consistent with the Key and Value parameters described in Table 1. | The dialog includes OK and Cancel buttons, aligning with the step to click OK after setting the key and value. | The recommendation text about TMS's predefined tag function is consistent with the RST's mention of predefined tags by TMS.","The 'View predefined tags' link and the 'You can add 20 more tags' note are not explicitly described in the RST, but they do not contradict it."
umn/source/obs_console_operation_guide/troubleshooting/obs_console_couldnt_be_opened_in_internet_explorer_9.rst,OBS Console Couldn't Be Opened in Internet Explorer 9,en-us_image_0129288861.png,screenshot,pass,1.00,"Image is a screenshot of the Internet Options dialog in Internet Explorer with the Advanced tab open. | The red box highlights the Use SSL 2.0, Use SSL 3.0, Use TLS 1.0, Use TLS 1.1, and Use TLS 1.2 checkboxes, exactly as described in step 2 of the RST. | The figure caption 'Internet Options' matches the RST reference Figure 1. | Interactive controls (OK, Cancel, Apply, Reset) are visible, consistent with a UI screenshot.",
umn/source/obs_console_operation_guide/url_validation/configuring_url_validation.rst,Configuring URL Validation,en-us_image_0217211682.png,icon,pass,0.83,"The image is a small pencil/edit pictogram, consistent with an icon used to edit or enter referer values. | The RST step 3 instructs to click this image next to the Whitelisted/Blacklisted Referers text box to enter referers, matching an edit action. | The icon is placed in the Procedure section and aligns with the URL validation configuration workflow. | The visual clearly shows a pencil symbol, providing direct visual evidence of an edit control.",The icon is generic and does not itself display the referer text box or URL validation context. | No surrounding UI is visible to confirm the exact placement next to the referer field.
umn/source/obs_console_operation_guide/url_validation/configuring_url_validation.rst,Configuring URL Validation,en-us_image_0148639851.png,icon,pass,0.83,"The image is a small checkmark pictogram, consistent with a save/confirm icon. | The RST step 4 instructs to click this image to save the URL validation settings, matching a confirm/save action. | The icon is placed in the Procedure section and aligns with completing the configuration workflow. | The visual clearly shows a checkmark symbol, providing direct visual evidence of a save/confirm control.",The icon is generic and does not itself display the save button label or surrounding form. | No surrounding UI is visible to confirm the exact placement in the settings panel.
umn/source/obs_console_operation_guide/versioning/versioning_overview.rst,Versioning Overview,en-us_image_0135709734.png,other,pass,1.00,Diagram shows a bucket with two layers: Object.txt with Version ID=00001 (versioning enabled) and Object.txt with Version ID=null (versioning disabled) | Matches RST description that version ID is null before versioning is enabled and a version ID is assigned after enabling | Correctly labeled as Figure 1: Versioning (with existing objects) in the Enabling Versioning section,
umn/source/obs_console_operation_guide/versioning/versioning_overview.rst,Versioning Overview,en-us_image_0135263079.png,other,pass,1.00,"Diagram shows a bucket with two layers: Object.txt Version ID=00002 and Object.txt Version ID=00001, labeled Versioning enabled | Matches RST description that OBS automatically allocates a unique version ID to newly uploaded objects with the same name | Correctly labeled as Figure 2: Versioning (for new objects) in the Enabling Versioning section",
umn/source/obs_console_operation_guide/versioning/versioning_overview.rst,Versioning Overview,en-us_image_0135698309.png,other,pass,1.00,"Diagram shows a bucket with three layers: Object.txt (delete marker) Version ID=00003 in red, Object.txt Version ID=00002, Object.txt Version ID=00001 | Matches RST description that after deletion, OBS inserts a delete marker and the deleted object appears in the Deleted Objects list | Correctly labeled as Figure 3: Object with a delete marker in the Enabling Versioning section",
umn/source/obs_console_operation_guide/versioning/versioning_overview.rst,Versioning Overview,en-us_image_0135706002.png,other,pass,1.00,"Diagram shows a bucket with four layers: Object.txt Version ID=00004, Object.txt (delete marker) Version ID=00003 in red, Object.txt Version ID=00002, Object.txt Version ID=00001 | Matches RST description of uploading a namesake object after the original is deleted, where the new object appears in Objects list and the deleted one disappears from Deleted Objects list | Correctly labeled as Figure 4: Uploading a namesake object after the original one is deleted",
umn/source/obs_console_operation_guide/versioning/versioning_overview.rst,Versioning Overview,en-us_image_0135715557.png,other,pass,1.00,"Diagram shows two cylinders with an arrow labeled 'Upload a namesake object after versioning is suspended' | Left cylinder shows versioning enabled state with Version IDs 00002, 00001, and null; right cylinder shows versioning suspended state with null on top, then 00002, 00001 | Matches RST description that when versioning is suspended, a null version ID is allocated and overwrites existing null-version objects | Correctly labeled as Figure 5 in the Suspending Versioning section",
umn/source/obs_console_operation_guide/worm/configuring_worm_retention.rst,Configuring WORM Retention,en-us_image_0000001953176333.png,screenshot,pass,1.00,"Image shows the 'Configure WORM Retention' dialog with the Configure tab selected, matching Figure 1 caption | Displays Compliance retention mode and a default retention period field set to 1 day, consistent with the RST instructions | The dialog layout and labels (Default Retention, Default Retention Mode, Default Retention Period) align with the described configuration steps",
umn/source/obs_console_operation_guide/worm/configuring_worm_retention.rst,Configuring WORM Retention,en-us_image_0000001953342509.png,screenshot,pass,1.00,"Image shows the 'Configure WORM Retention' dialog with the Skip tab selected, matching Figure 2 caption | The simplified dialog with only the Skip option and OK/Cancel buttons matches the 'Skipping the WORM Retention Configuration' section | No additional configuration fields are shown, consistent with the skip workflow described in the RST",
umn/source/obs_console_operation_guide/worm/configuring_worm_retention.rst,Configuring WORM Retention,en-us_image_0000001953346977.png,screenshot,pass,1.00,"Image shows the 'Extend Retention Period' dialog with a date picker field, matching Figure 3 caption | The 'Extend To' label and date selection UI align with the RST instruction to select a date for extending retention | The note 'Retention period expired: 11 days' and the description about OBS preventing deletion before the specified date are consistent with the section content",
umn/source/service_overview/basic_concepts/buckets.rst,Buckets,en-us_image_0129289279.png,other,fail,0.00,Local color check detected #3298ff.,
umn/source/service_overview/basic_concepts/region_and_az.rst,Region and AZ,en-us_image_0185449745.png,other,fail,0.00,Local color check detected #3298ff.,
