document_file,document_title,image_file,image_reference_type,image_reference_line,detected_image_type,has_interactive_buttons,interactive_buttons_magenta,hard_fail_triggered,hard_fail_reason,score_topic_match,score_detail_match,score_section_relevance,score_visual_evidence,score_contradictions,overall_score,final_verdict,processing_error,processing_warning,image_reference_error,api_http_status,api_finish_reason,api_attempt,match_reasons,missing_evidence
api-ref/source/before_you_start/concepts.rst,Concepts,,,,,,,,,,,,,,,fail,kein valides Bild,,,,,0,,
api-ref/source/before_you_start/concepts.rst,Concepts,/home/ubuntu/repotesting/data-arts-studio/umn/source/_static/images/en-us_image_0000001828945753.png,figure,23,,,,,,,,,,,,fail,,,kein valides Bild,,,0,,
api-ref/source/before_you_start/dataarts_studio_instance_id_and_workspace_id.rst,DataArts Studio Instance ID and Workspace ID,,,,,,,,,,,,,,,fail,kein valides Bild,,,,,0,,
api-ref/source/before_you_start/dataarts_studio_instance_id_and_workspace_id.rst,DataArts Studio Instance ID and Workspace ID,/home/ubuntu/repotesting/data-arts-studio/umn/source/_static/images/en-us_image_0000001716158249.png,figure,21,,,,,,,,,,,,fail,,,kein valides Bild,,,0,,
api-ref/source/calling_apis/authentication.rst,Authentication,,,,,,,,,,,,,,,fail,kein valides Bild,,,,,0,,
api-ref/source/calling_apis/authentication.rst,Authentication,/home/ubuntu/repotesting/data-arts-studio/umn/source/_static/images/en-us_image_0000001668278494.png,figure,82,,,,,,,,,,,,fail,,,kein valides Bild,,,0,,
api-ref/source/calling_apis/response.rst,Response,,,,,,,,,,,,,,,fail,kein valides Bild,,,,,0,,
api-ref/source/calling_apis/response.rst,Response,/home/ubuntu/repotesting/data-arts-studio/umn/source/_static/images/en-us_image_0000001716290189.png,figure,26,,,,,,,,,,,,fail,,,kein valides Bild,,,0,,
api-ref/source/dataarts_factory_apis/script_development_apis/executing_a_script.rst,Executing a Script,,,,,,,,,,,,,,,fail,kein valides Bild,,,,,0,,
api-ref/source/dataarts_factory_apis/script_development_apis/executing_a_script.rst,Executing a Script,/home/ubuntu/repotesting/data-arts-studio/umn/source/_static/images/en-us_image_0000001668210950.png,substitution_image,107,,,,,,,,,,,,fail,,,kein valides Bild,,,0,,
umn/source/getting_started/beginners_dli-powered_data_development_based_on_e-commerce_bi_reports/step_2_develop_data.rst,Step 2: Develop Data,/home/ubuntu/repotesting/data-arts-studio/umn/source/_static/images/en-us_image_0000002269210029.png,substitution_image,216,icon,False,False,False,,2,2,3,2,3,0.78,partial,,,,200,stop,1,"A small yellow circular plus icon used inline as |image1| for connecting/dragging nodes in the job orchestration step. | It is an isolated symbolic graphic, not a full UI screenshot. | Relevant to the 'Developing and Scheduling a Job' section where nodes are connected.",No surrounding UI context visible; only the isolated icon is shown.
umn/source/getting_started/beginners_dli-powered_data_development_based_on_e-commerce_bi_reports/step_2_develop_data.rst,Step 2: Develop Data,/home/ubuntu/repotesting/data-arts-studio/umn/source/_static/images/en-us_image_0000002269210073.png,substitution_image,217,icon,False,False,False,,2,2,3,2,3,0.78,partial,,,,200,stop,1,"A small blue play-triangle icon used inline as |image2| for testing the job. | It is an isolated symbolic graphic, not a full UI screenshot. | Relevant to the step 'Click |image2| to test the job'.",No surrounding UI context visible; only the isolated icon is shown.
umn/source/getting_started/beginners_dli-powered_data_development_based_on_e-commerce_bi_reports/step_2_develop_data.rst,Step 2: Develop Data,/home/ubuntu/repotesting/data-arts-studio/umn/source/_static/images/en-us_image_0000002269129929.png,substitution_image,218,icon,False,False,False,,2,2,3,2,3,0.78,partial,,,,200,stop,1,"A small blue cloud-with-up-arrow icon used inline as |image3| for the Submit action. | It is an isolated symbolic graphic, not a full UI screenshot. | Relevant to the step 'Click Save, Submit (|image3|)'.",No surrounding UI context visible; only the isolated icon is shown.
umn/source/getting_started/beginners_dli-powered_data_development_based_on_e-commerce_bi_reports/step_2_develop_data.rst,Step 2: Develop Data,/home/ubuntu/repotesting/data-arts-studio/umn/source/_static/images/en-us_image_0000002234250604.png,substitution_image,219,icon,False,False,False,,2,2,3,2,3,0.78,partial,,,,200,stop,1,"A small blue document-with-play-circle icon used inline as |image4| for the Execute action. | It is an isolated symbolic graphic, not a full UI screenshot. | Relevant to the step 'and Execute (|image4|)'.",No surrounding UI context visible; only the isolated icon is shown.
umn/source/getting_started/experienced_users_mrs_hive-powered_data_governance_based_on_taxi_trip_data/step_5_design_data_architecture.rst,Step 5: Design Data Architecture,,,,,,,,,,,,,,,fail,backend_error,,,,,2,,
umn/source/getting_started/experienced_users_mrs_hive-powered_data_governance_based_on_taxi_trip_data/step_6_develop_data.rst,Step 6: Develop Data,,,,,,,,,,,,,,,warning,,API response did not contain valid parsed JSON.,,200,length,1,,
umn/source/getting_started/novices_dws-powered_data_integration_and_development_based_on_movie_scores/step_3_develop_data.rst,Step 3: Develop Data,/home/ubuntu/repotesting/data-arts-studio/umn/source/_static/images/en-us_image_0000002234250848.png,substitution_image,240,icon,False,False,False,,2,2,2,2,3,0.72,partial,,,,200,stop,1,"A small yellow circular plus symbol, used in the RST as |image1| for selecting/dragging nodes in the job canvas. | Generic add/plus icon; semantically plausible for adding nodes but not specific to the job orchestration.","Icon is low-resolution and isolated, so its exact UI context is not visible."
umn/source/service_overview/functions.rst,Functions,/home/ubuntu/repotesting/data-arts-studio/umn/source/_static/images/en-us_image_0000002269108049.png,figure,57,other,False,False,True,Forbidden color #3298ff was detected in the image.,0,0,0,0,0,0.00,fail,,Images with the forbidden color were not sent to the AI API.,,200,stop,1,Local color check detected #3298ff.,
umn/source/service_overview/functions.rst,Functions,/home/ubuntu/repotesting/data-arts-studio/umn/source/_static/images/en-us_image_0000002269188109.png,figure,96,other,False,False,True,Forbidden color #3298ff was detected in the image.,0,0,0,0,0,0.00,fail,,Images with the forbidden color were not sent to the AI API.,,200,stop,1,Local color check detected #3298ff.,
umn/source/service_overview/functions.rst,Functions,/home/ubuntu/repotesting/data-arts-studio/umn/source/_static/images/en-us_image_0000002234228716.png,figure,146,other,False,False,True,Forbidden color #3298ff was detected in the image.,0,0,0,0,0,0.00,fail,,Images with the forbidden color were not sent to the AI API.,,200,stop,1,Local color check detected #3298ff.,
umn/source/service_overview/functions.rst,Functions,/home/ubuntu/repotesting/data-arts-studio/umn/source/_static/images/en-us_image_0000002269108033.png,figure,183,other,False,False,True,Forbidden color #3298ff was detected in the image.,0,0,0,0,0,0.00,fail,,Images with the forbidden color were not sent to the AI API.,,200,stop,1,Local color check detected #3298ff.,
umn/source/service_overview/functions.rst,Functions,/home/ubuntu/repotesting/data-arts-studio/umn/source/_static/images/en-us_image_0000002234068868.png,figure,16,other,False,False,False,,3,3,3,3,3,1.00,pass,,Images with the forbidden color were not sent to the AI API.,,200,stop,1,"Image is labeled Figure 1 DataArts Migration and sits in the DataArts Migration section. | Diagram shows source side (third-party cloud and enterprise data center) with databases, servers, big data, message systems, search services, object storage, and file systems, matching the heterogeneous source list in the text. | Destination side shows DataArts Migration (CDM) connecting via HTTPS/VPN to Hadoop, data warehouses, data lakes, and lakehouses, consistent with the migration description. | It is an architecture/flow diagram rather than a UI screenshot or icon.","No explicit count of 30+ sources is shown, but the diagram is illustrative and not expected to enumerate all."
umn/source/service_overview/functions.rst,Functions,/home/ubuntu/repotesting/data-arts-studio/umn/source/_static/images/en-us_image_0000002234068876.png,figure,161,screenshot,True,False,False,,3,3,3,3,3,1.00,pass,,Images with the forbidden color were not sent to the AI API.,,200,stop,1,"Image is labeled Figure 5 Full-link data lineages and appears in the DataArts Catalog metadata management section. | The UI shows a lineage graph with upstream/downstream nodes and 'insert into' process nodes, illustrating full-link data lineage and processing logic. | Visible interface controls (Upstream/Downstream toggles, Show Process, search and zoom icons) confirm it is a screenshot with interactive controls. | Content aligns with the text describing data lineage, source, destination, and processing logic.",Specific table/field names are generic placeholders and not tied to a named example in the text.
umn/source/user_guide/creating_and_configuring_a_dataarts_studio_instance/optional_creating_and_using_a_workspace_in_enterprise_mode/introduction_to_the_enterprise_mode.rst,Introduction to the Enterprise Mode,/home/ubuntu/repotesting/data-arts-studio/umn/source/_static/images/en-us_image_0000002269116601.png,figure,45,other,False,False,True,Forbidden color #3298ff was detected in the image.,0,0,0,0,0,0.00,fail,,Images with the forbidden color were not sent to the AI API.,,200,stop,1,Local color check detected #3298ff.,
umn/source/user_guide/creating_and_configuring_a_dataarts_studio_instance/optional_creating_and_using_a_workspace_in_enterprise_mode/introduction_to_the_enterprise_mode.rst,Introduction to the Enterprise Mode,/home/ubuntu/repotesting/data-arts-studio/umn/source/_static/images/en-us_image_0000002269116581.png,figure,96,other,False,False,True,Forbidden color #3298ff was detected in the image.,0,0,0,0,0,0.00,fail,,Images with the forbidden color were not sent to the AI API.,,200,stop,1,Local color check detected #3298ff.,
umn/source/user_guide/creating_and_configuring_a_dataarts_studio_instance/optional_creating_and_using_a_workspace_in_enterprise_mode/introduction_to_the_enterprise_mode.rst,Introduction to the Enterprise Mode,/home/ubuntu/repotesting/data-arts-studio/umn/source/_static/images/en-us_image_0000002269116577.png,figure,107,other,False,False,True,Forbidden color #3298ff was detected in the image.,0,0,0,0,0,0.00,fail,,Images with the forbidden color were not sent to the AI API.,,200,stop,1,Local color check detected #3298ff.,
umn/source/user_guide/creating_and_configuring_a_dataarts_studio_instance/optional_creating_and_using_a_workspace_in_enterprise_mode/introduction_to_the_enterprise_mode.rst,Introduction to the Enterprise Mode,/home/ubuntu/repotesting/data-arts-studio/umn/source/_static/images/en-us_image_0000002234077360.png,figure,57,screenshot,True,False,False,,3,3,3,3,3,1.00,pass,,Images with the forbidden color were not sent to the AI API.,,200,stop,1,"Image shows the Create Data Connection page in Management Center with MRS Spark type selected | Development and Production Environment sections show different MRS Cluster Names, matching Figure 2 description of selecting different clusters | The RST explicitly references this figure for isolating dev and prod by selecting different clusters during data connection creation | UI elements (dropdowns, radio buttons, Test buttons) are clearly visible and consistent with the described workflow",
umn/source/user_guide/creating_and_configuring_a_dataarts_studio_instance/optional_creating_and_using_a_workspace_in_enterprise_mode/introduction_to_the_enterprise_mode.rst,Introduction to the Enterprise Mode,/home/ubuntu/repotesting/data-arts-studio/umn/source/_static/images/en-us_image_0000002269196641.png,figure,74,screenshot,True,False,False,,3,3,3,3,3,1.00,pass,,Images with the forbidden color were not sent to the AI API.,,200,stop,1,"Image shows the Create Data Connection page with MRS Hive type selected | Both Development and Production Environment sections show the same MRS Cluster Name (mrs_..._del), matching Figure 3 description of selecting the same cluster | The RST references this figure in the context of configuring two databases in the same data lake service to isolate environments | Additional section 'Data Source Authentication and Other Function Configuration' with Real-time Metadata Synchronization toggle is visible",
umn/source/user_guide/creating_and_configuring_a_dataarts_studio_instance/optional_creating_and_using_a_workspace_in_enterprise_mode/introduction_to_the_enterprise_mode.rst,Introduction to the Enterprise Mode,/home/ubuntu/repotesting/data-arts-studio/umn/source/_static/images/en-us_image_0000002516633132.png,figure,81,screenshot,True,False,False,,3,3,3,3,3,1.00,pass,,Images with the forbidden color were not sent to the AI API.,,200,stop,1,"Image shows the 'Configure Data Source Resource Mapping' page with 'DB Configuration' tab selected | Table displays Data Connection Name, Type, Development Environment DB Name, and Production Environment DB Name columns | Two spark_sql entries show different DB names for dev and prod environments, demonstrating the isolation mechanism | Directly matches Figure 4 referenced in the RST for configuring database mapping to isolate environments",
umn/source/user_guide/creating_and_configuring_a_dataarts_studio_instance/optional_creating_and_using_a_workspace_in_enterprise_mode/introduction_to_the_enterprise_mode.rst,Introduction to the Enterprise Mode,/home/ubuntu/repotesting/data-arts-studio/umn/source/_static/images/en-us_image_0000002234077380.png,figure,184,other,False,False,False,,3,3,3,3,3,1.00,pass,,Images with the forbidden color were not sent to the AI API.,,200,stop,1,"Diagram shows the simple mode process with a single 'Production environment' containing both Data development and O&M and scheduling | Activities listed (Edit SQL statements, Configure dependencies, Adjust scheduling policies, Schedule and execute tasks, Produce data) match the RST description of simple mode | The 'Submit' arrow from Data development to O&M and scheduling reflects the simple submission-then-production flow described in the RST | Matches Figure 7 'Process in simple mode' referenced in the 'Process of Using DataArts Studio in Different Workspace Modes' section",
umn/source/user_guide/creating_and_configuring_a_dataarts_studio_instance/optional_creating_and_using_a_workspace_in_enterprise_mode/introduction_to_the_enterprise_mode.rst,Introduction to the Enterprise Mode,/home/ubuntu/repotesting/data-arts-studio/umn/source/_static/images/en-us_image_0000002234077400.png,figure,192,other,False,False,False,,3,3,3,3,3,1.00,pass,,Images with the forbidden color were not sent to the AI API.,,200,stop,1,"Diagram shows the enterprise mode process with separate 'Development environment' and 'Production environment' sections | Development environment contains both Data development and O&M and scheduling, while Production environment only has O&M and scheduling | The 'Submit, review, and release' arrow between environments matches the RST description of the release and approval process | Matches Figure 8 'Process in enterprise mode' referenced in the 'Process of Using DataArts Studio in Different Workspace Modes' section",
umn/source/user_guide/creating_and_configuring_a_dataarts_studio_instance/optional_creating_and_using_a_workspace_in_enterprise_mode/operations_supported_for_different_roles_in_enterprise_mode/service_process_in_enterprise_mode.rst,Service Process in Enterprise Mode,/home/ubuntu/repotesting/data-arts-studio/umn/source/_static/images/en-us_image_0000002234077672.png,figure,11,other,False,False,True,Forbidden color #3298ff was detected in the image.,0,0,0,0,0,0.00,fail,,Images with the forbidden color were not sent to the AI API.,,,local_hard_fail,0,Local color check detected #3298ff.,
umn/source/user_guide/dataarts_architecture/common_operations/managing_the_configuration_center.rst,Managing the Configuration Center,,,,,,,,,,,,,,,fail,backend_error,,,,,2,,
umn/source/user_guide/dataarts_architecture/common_operations/modifying_subjects_directories_and_processes.rst,"Modifying Subjects, Directories, and Processes",,,,,,,,,,,,,,,fail,backend_error,,,,,2,,
umn/source/user_guide/dataarts_architecture/data_survey/logical_models.rst,Logical Models,,,,,,,,,,,,,,,warning,,API response did not contain valid parsed JSON.,,200,length,2,,
umn/source/user_guide/dataarts_architecture/model_design/dimensional_modeling/creating_fact_tables.rst,Creating Fact Tables,,,,,,,,,,,,,,,warning,,API response did not contain valid parsed JSON.,,200,length,1,,
umn/source/user_guide/dataarts_architecture/model_design/er_modeling.rst,ER Modeling,,,,,,,,,,,,,,,fail,backend_error,,,,,2,,
umn/source/user_guide/dataarts_architecture/tutorials/dataarts_architecture_example.rst,DataArts Architecture Example,,,,,,,,,,,,,,,fail,backend_error,,,,,2,,
umn/source/user_guide/dataarts_catalog/configuring_data_access_permissions_to_be_removed/configuring_table_permissions_to_be_removed.rst,Configuring Table Permissions (To Be Removed),/home/ubuntu/repotesting/data-arts-studio/umn/source/_static/images/en-us_image_0000002269202301.jpg,figure,94,other,False,False,True,Forbidden color #3298ff was detected in the image.,0,0,0,0,0,0.00,fail,,Images with the forbidden color were not sent to the AI API.,,200,stop,1,Local color check detected #3298ff.,
umn/source/user_guide/dataarts_catalog/configuring_data_access_permissions_to_be_removed/configuring_table_permissions_to_be_removed.rst,Configuring Table Permissions (To Be Removed),/home/ubuntu/repotesting/data-arts-studio/umn/source/_static/images/en-us_image_0000002234242828.png,figure,41,screenshot,True,False,False,,3,3,3,3,3,1.00,pass,,Images with the forbidden color were not sent to the AI API.,,200,stop,1,"Image shows a 'Permission Details' panel with table and column permission checkboxes, matching Figure 1 'Applying for permissions on tables and columns'. | Visible Table Permissions (Query Table, Delete Table, Insert, etc.) and Column Permissions sections align with RST step 4 on selecting table or column permissions. | Data connection type 'dli' matches the note that permissions control supports DLI data tables.","No reviewer configuration dialog is shown, though RST step 5 mentions configuring a reviewer."
umn/source/user_guide/dataarts_catalog/configuring_data_access_permissions_to_be_removed/configuring_table_permissions_to_be_removed.rst,Configuring Table Permissions (To Be Removed),/home/ubuntu/repotesting/data-arts-studio/umn/source/_static/images/en-us_image_0000002269202289.png,figure,64,screenshot,True,False,False,,3,3,3,3,3,1.00,pass,,Images with the forbidden color were not sent to the AI API.,,200,stop,1,"Image shows the 'My Permissions' tab with Return and Apply buttons and an Operation column containing View, Edit, Return, matching Figure 2 'Managing table permissions'. | Resource row (fact_taxi_trip_data, table, DLL_Link) and permission columns align with the 'Managing Existing Table Permissions' section.",The left navigation path (Permissions > Table Permissions) is not visible in the cropped screenshot.
umn/source/user_guide/dataarts_catalog/configuring_data_access_permissions_to_be_removed/configuring_table_permissions_to_be_removed.rst,Configuring Table Permissions (To Be Removed),/home/ubuntu/repotesting/data-arts-studio/umn/source/_static/images/en-us_image_0000002234083008.jpg,figure,83,screenshot,True,False,False,,3,3,3,3,3,1.00,pass,,Images with the forbidden color were not sent to the AI API.,,200,stop,1,"Image shows the 'User Permissions' tab with a Username, Resources, Created, Last Updated, and Operation (Reclaim) table, matching Figure 3 'Viewing accounts with table permissions'. | Reclaim and Authorize buttons and username search field align with the auditing user permissions section.","Usernames are partially redacted, so specific account names cannot be verified."
umn/source/user_guide/dataarts_catalog/configuring_data_access_permissions_to_be_removed/configuring_table_permissions_to_be_removed.rst,Configuring Table Permissions (To Be Removed),/home/ubuntu/repotesting/data-arts-studio/umn/source/_static/images/en-us_image_0000002234242840.jpg,figure,102,screenshot,True,False,False,,3,3,3,3,3,1.00,pass,,Images with the forbidden color were not sent to the AI API.,,200,stop,1,"Image shows the 'User Permissions' tab with the 'Authorize' button highlighted and checkboxes selected for multiple usernames, matching Figure 5 'Authorization' and the granting permissions to users step. | Batch selection of usernames aligns with the RST description of granting/reclaiming permissions in batches.","The actual authorization dialog (selecting resources/permissions to grant) is not shown, only the highlighted Authorize button."
umn/source/user_guide/dataarts_catalog/configuring_data_access_permissions_to_be_removed/configuring_table_permissions_to_be_removed.rst,Configuring Table Permissions (To Be Removed),/home/ubuntu/repotesting/data-arts-studio/umn/source/_static/images/en-us_image_0000002234082984.png,figure,112,screenshot,True,False,False,,3,3,3,3,3,1.00,pass,,Images with the forbidden color were not sent to the AI API.,,200,stop,1,"Image shows a resource table (fact_taxi_trip_data, shop) with Type, Data Connection, Non-inherited Permissions (ALL), and an Operation column with View, Edit, Return, matching Figure 6 'Managing user permissions'. | The per-resource Operation controls align with the RST step of clicking View, Edit, and Return for a specific resource.",The drop-down arrow to the left of an account (used to expand assets) is not visible in this cropped view.
umn/source/user_guide/dataarts_dataservice/developing_apis_in_dataarts_dataservice/managing_apis/unpublishing_deleting_apis.rst,Unpublishing/Deleting APIs,/home/ubuntu/repotesting/data-arts-studio/umn/source/_static/images/en-us_image_0000002269195549.png,figure,65,screenshot,True,False,False,,3,1,3,3,1,0.77,partial,,,,200,stop,1,"The image is a UI screenshot of the DataArts DataService 'APIs' page, matching the figure caption 'Batch operation'. | It shows the 'Batch Operation' button highlighted (red box) with its dropdown expanded, consistent with the Related Operations section describing batch operations. | The dropdown menu displays Publish, Unpublish, Authorize App, Whitelist, and Debug, but the RST instructs selecting 'Suspend', which is not present in the visible menu. | The table lists APIs with status 'Unpublished' and types 'GUI based'/'Script', providing clear visual context for the APIs page.",The 'Suspend' option mentioned in the RST is not visible in the Batch Operation dropdown shown in the image. | No checkbox selection state for batch selection is clearly demonstrated beyond one checked row.
umn/source/user_guide/dataarts_dataservice/developing_apis_in_dataarts_dataservice/orchestrating_apis/configuring_an_output_processing_operator.rst,Configuring an Output Processing Operator,/home/ubuntu/repotesting/data-arts-studio/umn/source/_static/images/en-us_image_0000002269195857.png,substitution_image,37,icon,False,False,False,,2,2,2,3,3,0.77,partial,,,,200,stop,1,"The image is a small copy icon (two overlapping rectangles), consistent with the RST instruction to 'copy the code by clicking |image1|'. | The icon is an isolated UI symbol, not a full screenshot, so it is classified as an icon. | The copy icon semantically matches the described action of copying a node code from the API orchestration canvas. | No contradictions between the image content and the surrounding text.","The icon is very small and low-resolution, making fine details hard to discern. | No surrounding UI context is shown to confirm the exact placement of the copy button in the canvas."
umn/source/user_guide/dataarts_factory/configuration_and_management/configuring_resources/configuring_a_scheduling_identity.rst,Configuring a Scheduling Identity,/home/ubuntu/repotesting/data-arts-studio/umn/source/_static/images/en-us_image_0000002269115113.png,substitution_image,288,icon,False,False,False,,2,1,2,2,3,0.65,partial,,,,200,stop,1,"Image is a small document/page-style icon used as the |image1| inline symbol in step 6 of 'Configuring a Public Agency' ('click |image1|'). | It is an isolated UI symbol rather than a full interface, so it functions as a button glyph in the procedure. | The RST does not describe the icon's exact meaning, limiting detail verification.","No label or tooltip is visible to confirm the exact action the icon triggers (e.g., save/submit). | The icon is low-resolution, making its precise glyph hard to read."
umn/source/user_guide/dataarts_factory/configuration_and_management/configuring_resources/configuring_a_scheduling_identity.rst,Configuring a Scheduling Identity,/home/ubuntu/repotesting/data-arts-studio/umn/source/_static/images/en-us_image_0000002234075964.png,substitution_image,289,icon,False,False,False,,2,1,2,2,3,0.65,partial,,,,200,stop,1,"Image is a small document/page-style icon used as the |image2| inline symbol in step 5 of 'Configuring a Public IAM Account' ('Click |image2|'). | It is an isolated UI symbol acting as a button glyph within the procedure. | The RST does not describe the icon's exact meaning, limiting detail verification.","No label or tooltip is visible to confirm the exact action the icon triggers. | The icon is low-resolution, making its precise glyph hard to read."
umn/source/user_guide/dataarts_factory/data_management/data_management_process.rst,Data Management Process,/home/ubuntu/repotesting/data-arts-studio/umn/source/_static/images/en-us_image_0000002269200857.png,figure,26,other,False,False,True,Forbidden color #3298ff was detected in the image.,0,0,0,0,0,0.00,fail,,Images with the forbidden color were not sent to the AI API.,,200,stop,1,Local color check detected #3298ff.,
umn/source/user_guide/dataarts_factory/data_management/data_management_process.rst,Data Management Process,/home/ubuntu/repotesting/data-arts-studio/umn/source/_static/images/en-us_image_0000002234241420.png,substitution_image,36,icon,False,False,False,,3,3,3,2,3,0.95,pass,,Images with the forbidden color were not sent to the AI API.,,200,stop,1,"The image is a small icon depicting a table/database symbol with a magnifying glass, consistent with the RST instruction to 'Click |image1| to view the databases, data tables, and fields in the data connection directory tree.' | The icon is directly referenced in the Data Management Process section as the control for viewing database objects, matching the topic and section context. | The visual shape (stacked rows representing a table plus a circular search/view element) semantically aligns with the described function of viewing databases, tables, and fields. | No contradiction between the icon's appearance and the textual description of its purpose.","The icon is small and slightly pixelated, making fine details (e.g., exact glyph elements) hard to confirm with full certainty. | No tooltip or label is visible in the image to explicitly confirm the 'view databases/tables' function."
umn/source/user_guide/dataarts_factory/el_expression_reference/el_expression_use_examples.rst,EL Expression Use Examples,/home/ubuntu/repotesting/data-arts-studio/umn/source/_static/images/en-us_image_0000002234085136.png,substitution_image,106,icon,False,False,False,,2,2,2,2,3,0.72,partial,,,,200,stop,1,"The image is a standard save (floppy disk) icon used in the DataArts Factory console. | It is referenced in step 1d ('Click |image1| and set the script name') and step 2d ('Click |image3| to save the job configuration'). | The icon is part of the procedure for setting up a job that uses EL expressions, but does not directly illustrate EL expression syntax or behavior. | The icon is a simple, isolated UI symbol with no surrounding interface context.",No surrounding UI context is visible; only the isolated save icon is shown. | The icon does not demonstrate any EL expression functionality directly.
umn/source/user_guide/dataarts_factory/el_expression_reference/el_expression_use_examples.rst,EL Expression Use Examples,/home/ubuntu/repotesting/data-arts-studio/umn/source/_static/images/en-us_image_0000002234244964.png,substitution_image,105,icon,False,False,False,,2,2,2,2,3,0.72,partial,,,,200,stop,1,"The image is a standard play/run (right-pointing triangle) icon used in the DataArts Factory console. | It is referenced in step 2c ('Click |image2| to test the running job'). | The icon is part of the procedure to test a job that uses EL expressions, but does not directly illustrate EL expression syntax or behavior. | The icon is a simple, isolated UI symbol with no surrounding interface context.",No surrounding UI context is visible; only the isolated play icon is shown. | The icon does not demonstrate any EL expression functionality directly.
umn/source/user_guide/dataarts_factory/el_expression_reference/expression_overview.rst,Expression Overview,/home/ubuntu/repotesting/data-arts-studio/umn/source/_static/images/en-us_image_0000002234085024.png,substitution_image,69,screenshot,True,False,False,,2,2,1,3,1,0.60,partial,,,,200,stop,1,"Shows a DataArts Factory pipeline editor with a node and a properties panel containing the EL expression #{DateUtil.now()}. | The node shown is a Shell node (dli_xueyuan), not a Kafka Client node as the surrounding section describes. | The expression matches the example used in the debugging section.","No Kafka Client node or Kafka-specific data field is visible, so the image does not illustrate the stated Kafka Client method."
umn/source/user_guide/dataarts_factory/execution_history.rst,Execution History,/home/ubuntu/repotesting/data-arts-studio/umn/source/_static/images/en-us_image_0000002269202721.png,substitution_image,45,icon,False,False,False,,3,3,3,3,3,1.00,pass,,"Expected 2 image results, but received 1 unique valid results. Missing results for: /home/ubuntu/repotesting/data-arts-studio/umn/source/_static/images/en-us_image_0000002269202729.png",,200,stop,1,"The icon depicts a document with text lines and the word 'log', consistent with an execution history / log button. | The RST instructs the user to click this icon to display script and job execution history in the past seven days. | The icon is used in the Script Execution History section as the trigger for viewing history. | No contradiction between the icon's meaning (log/history) and the surrounding text.","The icon does not show a tooltip or label confirming it is specifically the 'execution history' button, but context in the RST confirms this."
umn/source/user_guide/dataarts_factory/job_development/job_development_process.rst,Job Development Process,/home/ubuntu/repotesting/data-arts-studio/umn/source/_static/images/en-us_image_0000002234237740.png,figure,35,other,False,False,True,Forbidden color #3298ff was detected in the image.,0,0,0,0,0,0.00,fail,,Images with the forbidden color were not sent to the AI API.,,,local_hard_fail,0,Local color check detected #3298ff.,
umn/source/user_guide/dataarts_factory/job_development/optional_managing_jobs/changing_the_job_owner.rst,Changing the Job Owner,/home/ubuntu/repotesting/data-arts-studio/umn/source/_static/images/en-us_image_0000002234239624.png,substitution_image,31,icon,False,False,False,,2,2,3,2,3,0.78,partial,,,,200,stop,1,"Image is a three-dot vertical (kebab menu) icon, which is the standard 'more options' button referenced in step 4 | The RST states to click this icon and select 'Configure Owner', which is consistent with a menu icon | The icon is small and slightly blurry, making fine details hard to discern | It is a generic UI symbol rather than something specific to the job owner topic","The icon is very small and low-resolution, making it difficult to confirm exact appearance | No surrounding UI context is visible to confirm it is the job directory toolbar button"
umn/source/user_guide/dataarts_factory/job_development/optional_managing_jobs/deleting_a_job.rst,Deleting a Job,/home/ubuntu/repotesting/data-arts-studio/umn/source/_static/images/en-us_image_0000002234235716.png,substitution_image,51,icon,True,False,False,,2,2,3,2,3,0.78,partial,,,,200,stop,1,"Image is a small three-dot vertical ellipsis icon (kebab/more-options button). | The RST uses this icon as |image1| and |image2|, referring to the button that reveals the dropdown menu for 'Show Check Box' and 'Batch Delete'. | The icon is a standard UI symbol for accessing additional options, consistent with its described function in the RST. | It is referenced twice in the RST (same image path for both |image1| and |image2|), which is consistent with a single reusable UI element.","The icon is very small and low-resolution, making it difficult to confirm exact pixel-level details. | The icon alone does not show the resulting menu; the user must infer the action from the RST text."
umn/source/user_guide/dataarts_factory/job_development/optional_managing_jobs/exporting_and_importing_jobs.rst,Exporting and Importing Jobs,/home/ubuntu/repotesting/data-arts-studio/umn/source/_static/images/en-us_image_0000002234235716.png,substitution_image,77,icon,False,False,False,,2,2,2,2,3,0.72,partial,,,,200,stop,1,"Three vertical dots (ellipsis) icon representing a 'more options' menu button | Referenced in RST as |image1| and |image2| for clicking to show the context menu in the job directory | Generic UI element that opens the menu containing 'Show Check Box' and 'Export Job' options | The icon is small and isolated, consistent with an icon classification",The icon is a generic three-dot menu symbol with no topic-specific visual detail
umn/source/user_guide/dataarts_factory/job_development/optional_managing_jobs/exporting_and_importing_jobs.rst,Exporting and Importing Jobs,/home/ubuntu/repotesting/data-arts-studio/umn/source/_static/images/en-us_image_0000002234077920.png,substitution_image,78,icon,False,False,False,,2,2,2,2,3,0.72,partial,,,,200,stop,1,Three vertical dots (ellipsis) icon representing a 'more options' menu button | Referenced in RST as |image3| for the Importing Jobs step: 'Click |image3| > Import Job in the job directory' | Same type of menu trigger icon used in the import workflow | Small isolated symbol consistent with icon classification,The icon is a generic three-dot menu symbol with no topic-specific visual detail
umn/source/user_guide/dataarts_factory/job_development/optional_managing_jobs/unlocking_a_job.rst,Unlocking a Job,/home/ubuntu/repotesting/data-arts-studio/umn/source/_static/images/en-us_image_0000002234236424.png,figure,25,other,False,False,True,Forbidden color #3298ff was detected in the image.,0,0,0,0,0,0.00,fail,,Images with the forbidden color were not sent to the AI API.,,200,stop,1,Local color check detected #3298ff.,
umn/source/user_guide/dataarts_factory/job_development/optional_managing_jobs/unlocking_a_job.rst,Unlocking a Job,/home/ubuntu/repotesting/data-arts-studio/umn/source/_static/images/en-us_image_0000002269195869.png,figure,51,screenshot,True,False,False,,3,3,3,3,3,1.00,pass,,Images with the forbidden color were not sent to the AI API.,,200,stop,1,"The image is a UI toolbar screenshot showing Save, Submit, Unlock, Lock, Start, and Edit JSON controls. | The 'Unlock' button is highlighted with a red box, directly matching step 5 ('click Unlock to unlock the job'). | It corresponds to Figure 2 'Unlocking a job' referenced in the Procedure section. | No contradiction between the image content and the RST description.",The surrounding job canvas/editor context is not visible; only the toolbar strip is shown.
umn/source/user_guide/dataarts_factory/job_development/optional_managing_jobs/unlocking_jobs.rst,Unlocking Jobs,/home/ubuntu/repotesting/data-arts-studio/umn/source/_static/images/en-us_image_0000002234077572.png,substitution_image,29,icon,False,False,False,,2,2,2,2,3,0.72,partial,,,,200,stop,1,"Image shows a three-dot vertical (kebab) menu icon, which is the standard UI element for accessing context menus | RST step 4 references this icon as the one to click in the job directory to select Show Check Box | The icon is small and somewhat blurry but clearly identifiable as a three-dot menu symbol | It is a generic UI element rather than a feature-specific graphic",No surrounding context visible to confirm it is specifically in the job directory | Icon is low resolution making fine details unclear
umn/source/user_guide/dataarts_factory/job_development/optional_managing_jobs/unlocking_jobs.rst,Unlocking Jobs,/home/ubuntu/repotesting/data-arts-studio/umn/source/_static/images/en-us_image_0000002234077580.png,substitution_image,30,icon,False,False,False,,2,2,2,2,3,0.72,partial,,,,200,stop,1,"Image shows a three-dot vertical (kebab) menu icon, identical in appearance to the previous image | RST step 5 references this icon as the one to click after selecting jobs to access Batch Unlock | The icon is small and somewhat blurry but clearly identifiable as a three-dot menu symbol | It is a generic UI element used to open the context menu containing the Batch Unlock option",No surrounding context visible to confirm it is specifically in the job directory | Icon is low resolution making fine details unclear
umn/source/user_guide/dataarts_factory/job_development/optional_managing_jobs/viewing_a_job_dependency_graph.rst,Viewing a Job Dependency Graph,/home/ubuntu/repotesting/data-arts-studio/umn/source/_static/images/en-us_image_0000002269204853.png,figure,27,screenshot,True,False,False,,3,3,3,3,3,1.00,pass,,"Expected 4 image results, but received 3 unique valid results. Missing results for: /home/ubuntu/repotesting/data-arts-studio/umn/source/_static/images/en-us_image_0000002234085584.png",,200,stop,1,"Shows the Job Dependency page with a dependency graph of task nodes | Search box labeled 'Enter a job name.' is visible in the upper right corner | Radio buttons for display options (complete dependency graphs, current job and upstream/downstream, directly connected jobs) are visible | Download icon is present in the upper right | Title bar reads 'Scheduling-State Job Dependency View' | Close button is visible at the bottom | Matches Figure 1 description in the RST",
umn/source/user_guide/dataarts_factory/job_development/optional_managing_jobs/viewing_a_job_dependency_graph.rst,Viewing a Job Dependency Graph,/home/ubuntu/repotesting/data-arts-studio/umn/source/_static/images/en-us_image_0000002269124773.png,figure,47,screenshot,False,False,False,,3,3,3,3,3,1.00,pass,,"Expected 4 image results, but received 3 unique valid results. Missing results for: /home/ubuntu/repotesting/data-arts-studio/umn/source/_static/images/en-us_image_0000002234085584.png",,200,stop,1,"Shows a dependency graph with job nodes (job_A1 through job_A9 and edw_dtr_order_data) | job_A1 is highlighted in green, matching the RST description of the hovered node | Upstream jobs (job_A2, job_A3, job_A4, job_A5, job_A7, job_A8, job_A9) are marked in blue | Downstream job (edw_dtr_order_data) is marked in yellow | Matches Figure 2 description: 'Marking upstream and downstream job nodes of a node' | Color coding exactly matches the RST text about green/blue/yellow marking",
umn/source/user_guide/dataarts_factory/job_development/optional_managing_jobs/viewing_a_job_dependency_graph.rst,Viewing a Job Dependency Graph,/home/ubuntu/repotesting/data-arts-studio/umn/source/_static/images/en-us_image_0000002234085576.png,figure,55,screenshot,True,False,False,,3,3,3,3,3,1.00,pass,,"Expected 4 image results, but received 3 unique valid results. Missing results for: /home/ubuntu/repotesting/data-arts-studio/umn/source/_static/images/en-us_image_0000002234085584.png",,200,stop,1,"Shows a right-click context menu on a job node in the dependency graph | Context menu items: View Job, Copy Job Name, Collapse Upstream Job, Collapse Downstream Job | These match exactly the RST description: 'view the job, copy the job name, and collapse upstream or downstream jobs' | The graph shows color-coded nodes (green, blue, yellow) consistent with the dependency view | Matches Figure 3 description: 'Job node operations'",
umn/source/user_guide/dataarts_factory/job_development/submitting_a_version.rst,Submitting a Version,/home/ubuntu/repotesting/data-arts-studio/umn/source/_static/images/en-us_image_0000002271691905.png,figure,101,screenshot,True,False,False,,2,1,3,2,2,0.67,partial,,,,200,stop,1,"The RST states that clicking View displays 'a new page showing the job definition of the version' where you cannot modify job attributes | The image shows the version list (Submitted Versions tab) rather than the detail page with job definition | The image appears identical to Figure 2 (Rolling back the version), not showing a distinct detail view | The figure is placed in the 'Viewing Version Details' section but does not visually demonstrate the detail view described in the text",The actual version detail page showing job definition is not visible | No indication of a read-only view or job attributes display is shown
umn/source/user_guide/dataarts_factory/node_reference/cdm_job.rst,CDM Job,/home/ubuntu/repotesting/data-arts-studio/umn/source/_static/images/en-us_image_0000002269198773.png,substitution_image,141,icon,False,False,False,,2,2,2,2,3,0.72,partial,,,,200,stop,1,"The image is a small pencil/edit icon used as a UI symbol for the 'Modify' action in the Input lineage section of Table 3. | The icon is generic and not specific to CDM Job, but it is contextually relevant to the lineage parameter configuration described in the RST. | The RST explicitly references |image1| for the Modify action in the Input lineage row, matching the pencil icon's semantic meaning.","No surrounding UI context is visible; the icon is isolated without a full interface screenshot. | The icon is low-resolution and slightly blurry, making fine details hard to discern."
umn/source/user_guide/dataarts_factory/node_reference/cdm_job.rst,CDM Job,/home/ubuntu/repotesting/data-arts-studio/umn/source/_static/images/en-us_image_0000002269198765.png,substitution_image,142,icon,False,False,False,,2,2,2,2,3,0.72,partial,,,,200,stop,1,"The image is a small trash/delete icon used as a UI symbol for the 'Delete' action in the Input lineage section of Table 3. | The icon is generic and not specific to CDM Job, but it is contextually relevant to the lineage parameter configuration described in the RST. | The RST explicitly references |image2| for the Delete action in the Input lineage row, matching the trash icon's semantic meaning.",No surrounding UI context is visible; the icon is isolated without a full interface screenshot. | The icon is low-resolution and slightly blurry.
umn/source/user_guide/dataarts_factory/node_reference/cdm_job.rst,CDM Job,/home/ubuntu/repotesting/data-arts-studio/umn/source/_static/images/en-us_image_0000002234079480.png,substitution_image,143,icon,False,False,False,,2,2,2,2,3,0.72,partial,,,,200,stop,1,"The image is a small info/details icon (circle with 'i') used as a UI symbol for the 'View Details' action in the Input lineage section of Table 3. | The icon is generic and not specific to CDM Job, but it is contextually relevant to the lineage parameter configuration described in the RST. | The RST explicitly references |image3| for the View Details action in the Input lineage row, matching the info icon's semantic meaning.",No surrounding UI context is visible; the icon is isolated without a full interface screenshot. | The icon is low-resolution and slightly blurry.
umn/source/user_guide/dataarts_factory/node_reference/cdm_job.rst,CDM Job,/home/ubuntu/repotesting/data-arts-studio/umn/source/_static/images/en-us_image_0000002269118737.png,substitution_image,144,icon,False,False,False,,2,2,2,2,3,0.72,partial,,,,200,stop,1,"The image is a small pencil/edit icon used as a UI symbol for the 'Modify' action in the Output lineage section of Table 3. | The icon is identical to image1 (Input Modify) and is generic, not specific to CDM Job. | The RST explicitly references |image4| for the Modify action in the Output lineage row, matching the pencil icon's semantic meaning.",No surrounding UI context is visible; the icon is isolated without a full interface screenshot. | The icon is low-resolution and slightly blurry.
umn/source/user_guide/dataarts_factory/node_reference/cdm_job.rst,CDM Job,/home/ubuntu/repotesting/data-arts-studio/umn/source/_static/images/en-us_image_0000002269198821.png,substitution_image,145,icon,False,False,False,,2,2,2,2,3,0.72,partial,,,,200,stop,1,"The image is a small trash/delete icon used as a UI symbol for the 'Delete' action in the Output lineage section of Table 3. | The icon is identical to image2 (Input Delete) and is generic, not specific to CDM Job. | The RST explicitly references |image5| for the Delete action in the Output lineage row, matching the trash icon's semantic meaning.",No surrounding UI context is visible; the icon is isolated without a full interface screenshot. | The icon is low-resolution and slightly blurry.
umn/source/user_guide/dataarts_factory/node_reference/cdm_job.rst,CDM Job,/home/ubuntu/repotesting/data-arts-studio/umn/source/_static/images/en-us_image_0000002269118733.png,substitution_image,146,icon,False,False,False,,2,2,2,2,3,0.72,partial,,,,200,stop,1,"The image is a small info/details icon (circle with 'i') used as a UI symbol for the 'View Details' action in the Output lineage section of Table 3. | The icon is identical to image3 (Input View Details) and is generic, not specific to CDM Job. | The RST explicitly references |image6| for the View Details action in the Output lineage row, matching the info icon's semantic meaning.",No surrounding UI context is visible; the icon is isolated without a full interface screenshot. | The icon is low-resolution and slightly blurry.
umn/source/user_guide/dataarts_factory/node_reference/dli_sql.rst,DLI SQL,/home/ubuntu/repotesting/data-arts-studio/umn/source/_static/images/en-us_image_0000002234245572.png,substitution_image,191,icon,False,False,False,,2,2,2,3,3,0.77,partial,,,,200,stop,1,"The image is an eye/view icon, consistent with its use in the RST as a navigation action to the Queue Management page. | The icon is small and symbolic, matching the 'icon' classification. | It is referenced in the Queue Name parameter description for navigating to DLI Queue Management. | The visual clearly shows an eye symbol, which is a standard view/navigate icon.","The icon is very small and low-resolution, making fine details hard to discern. | No surrounding UI context is visible to confirm the exact button placement."
umn/source/user_guide/dataarts_factory/node_reference/kafka_client.rst,Kafka Client,/home/ubuntu/repotesting/data-arts-studio/umn/source/_static/images/en-us_image_0000002269122377.png,substitution_image,74,icon,False,False,False,,2,2,2,3,3,0.77,partial,,,,200,stop,1,"The image is a small pencil/edit pictogram, matching the 'icon' classification. | In the RST, |image2| is referenced in the Text parameter row: 'You can directly enter text or click |image2| to use the EL expression,' so the pencil icon semantically represents the edit/write action for entering text or an EL expression. | The icon is placed within the Parameters table (Text row) of the Kafka Client node, which is consistent with the document's topic. | The visual content (a pencil over a line) clearly conveys an edit/write action, supporting its use as the click target for entering text/EL expression.","The image is a generic edit/pencil icon and does not itself show the EL expression dialog or any Kafka-specific UI, so its exact in-app appearance cannot be confirmed from the image alone. | The RST defines |image1| to the same file but does not visibly use it in the body, so its intended placement is unclear."
umn/source/user_guide/dataarts_factory/node_reference/mrs_mapreduce.rst,MRS MapReduce,/home/ubuntu/repotesting/data-arts-studio/umn/source/_static/images/en-us_image_0000002234085912.png,substitution_image,90,icon,True,False,False,,2,1,2,2,3,0.65,partial,,,,200,stop,1,"The image is a small eye-shaped pictogram used as a clickable navigation icon in the UI. | In the RST it is referenced as 'Click |image1|. On the Clusters page, create an MRS cluster,' indicating it is a navigation button to the Clusters page. | The icon is tangentially related to the MRS MapReduce topic: it helps the user create an MRS cluster, a prerequisite for configuring the MRS MapReduce node. | The icon does not depict any MRS MapReduce-specific details; it is a generic navigation symbol. | No contradiction between the image content and the RST description.",The image does not show any text label or tooltip identifying it as a 'Clusters' navigation button. | No surrounding UI context is visible to confirm the exact placement of the icon within the DataArts Studio interface.
umn/source/user_guide/dataarts_factory/node_reference/mrs_spark.rst,MRS Spark,/home/ubuntu/repotesting/data-arts-studio/umn/source/_static/images/en-us_image_0000002234245684.png,substitution_image,153,icon,False,False,False,,2,2,2,3,3,0.77,partial,,,,200,stop,1,"Image is a small eye-shaped pictogram, matching the 'icon' classification. | In the RST, |image1| is referenced as the button to open the Clusters page to create an MRS cluster, which is part of the MRS Spark node parameters. | The eye glyph is a generic view/look symbol rather than a cluster-creation symbol, so the detail match is only partial.",No surrounding UI context is visible to confirm the button's exact function. | The icon alone does not indicate 'create cluster' semantics.
umn/source/user_guide/dataarts_factory/node_reference/mrs_spark_python.rst,MRS Spark Python,/home/ubuntu/repotesting/data-arts-studio/umn/source/_static/images/en-us_image_0000002234245684.png,substitution_image,161,icon,True,False,False,,2,2,2,2,3,0.72,partial,,,,200,stop,1,"Image is a small eye/view pictogram, consistent with an icon used for a clickable action. | Referenced in the MRS Cluster Name parameter as the control to open the Clusters page. | The eye glyph semantically suggests 'view' rather than 'create a cluster', a minor semantic mismatch.",No surrounding UI context to confirm the exact action the eye icon triggers.
umn/source/user_guide/dataarts_factory/node_reference/node_lineages/viewing_data_lineages.rst,Viewing Data Lineages,/home/ubuntu/repotesting/data-arts-studio/umn/source/_static/images/en-us_image_0000002234079060.png,substitution_image,104,icon,False,False,False,,2,2,3,2,3,0.78,partial,,,,200,stop,1,"A small symbolic pictogram (a node/workflow glyph) used as the |image1| reference in RST step 3 for the navigation pane icon. | It is an isolated UI symbol rather than a full interface, so it is classified as an icon. | It is relevant to the Starting Job Scheduling step where the user clicks the navigation icon to open a job.","The icon is low-resolution and small, so its exact label or meaning is not legible beyond being a node/workflow symbol. | No surrounding navigation pane context is visible to confirm the exact menu location."
umn/source/user_guide/dataarts_factory/o_and_m_and_scheduling/monitoring_a_job/monitoring_a_batch_job.rst,Monitoring a Batch Job,/home/ubuntu/repotesting/data-arts-studio/umn/source/_static/images/en-us_image_0000002234240444.png,figure,132,other,False,False,True,Forbidden color #3298ff was detected in the image.,0,0,0,0,0,0.00,fail,,Images with the forbidden color were not sent to the AI API.,,200,stop,1,Local color check detected #3298ff.,
umn/source/user_guide/dataarts_factory/o_and_m_and_scheduling/monitoring_a_job/monitoring_a_batch_job.rst,Monitoring a Batch Job,/home/ubuntu/repotesting/data-arts-studio/umn/source/_static/images/en-us_image_0000002234080616.png,figure,13,screenshot,True,False,False,,3,3,3,3,3,1.00,pass,,Images with the forbidden color were not sent to the AI API.,,200,stop,1,"Image shows the Batch Job Monitoring page with Batch Jobs tab active, matching Figure 1 caption | Visible buttons (Execute, Stop Scheduling, Configure Notification, Add Job Tag, Export All Data) match operations listed in Table 1 | Table columns (Name, Scheduling, Schedule, Next Plan Time, Owner, Last Modified, Last Instance, Operation) align with the RST description | Filter options (Job Name, notification, status) match the filtering operations described",
umn/source/user_guide/dataarts_factory/o_and_m_and_scheduling/monitoring_a_job/monitoring_a_batch_job.rst,Monitoring a Batch Job,/home/ubuntu/repotesting/data-arts-studio/umn/source/_static/images/en-us_image_0000002234240472.png,figure,157,screenshot,True,False,False,,3,3,3,3,3,1.00,pass,,Images with the forbidden color were not sent to the AI API.,,200,stop,1,Image shows the Start Job dialog matching Figure 3 caption | Two buttons 'Start Current Job Only' and 'Start Current and Depended Jobs' exactly match the RST text about dependent job configuration | The note about depended jobs count (1) and View job list link aligns with the scheduling section description,
umn/source/user_guide/dataarts_factory/o_and_m_and_scheduling/monitoring_a_job/monitoring_a_batch_job.rst,Monitoring a Batch Job,/home/ubuntu/repotesting/data-arts-studio/umn/source/_static/images/en-us_image_0000002269119825.png,figure,188,screenshot,True,False,False,,3,2,3,3,3,0.93,pass,,Images with the forbidden color were not sent to the AI API.,,200,stop,1,"Image shows the Configure PatchData dialog matching Figure 4 caption | Visible fields (PatchData Name, Job Name, Scheduling Time Type, Date, Run PatchData Tasks Periodically, Parallel Periods, Upstream or Downstream Job, Patch Data by Day, Priority) match Table 2 parameters | The info note about CDM jobs not running concurrently matches the RST note about concurrent running | Some parameters from Table 2 (Stop Upon Failure, Ignore OBS Listening, Set Running Period) are not visible, likely below the fold","Stop Upon Failure, Ignore OBS Listening, and Set Running Period parameters not visible in the screenshot"
umn/source/user_guide/dataarts_factory/o_and_m_and_scheduling/monitoring_a_job/monitoring_a_batch_job.rst,Monitoring a Batch Job,/home/ubuntu/repotesting/data-arts-studio/umn/source/_static/images/en-us_image_0000002234240480.png,figure,337,screenshot,True,False,False,,3,2,3,3,3,0.93,pass,,Images with the forbidden color were not sent to the AI API.,,200,stop,1,"Image shows the Add Job Label dialog matching Figure 5 caption about adding a job tag | Dialog contains Name field, Add button, and Mode (Append/Overwrite) options for setting job tag parameters | OK and Cancel buttons present as expected for a configuration dialog | Minor naming difference: RST says 'Add Job Tag' while image shows 'Add Job Label'","RST does not detail the specific fields (Name, Mode with Append/Overwrite) shown in the dialog"
umn/source/user_guide/dataarts_factory/o_and_m_and_scheduling/monitoring_a_job/monitoring_a_batch_job.rst,Monitoring a Batch Job,/home/ubuntu/repotesting/data-arts-studio/umn/source/_static/images/en-us_image_0000002269119869.png,figure,371,screenshot,False,False,False,,3,3,3,3,3,1.00,pass,,Images with the forbidden color were not sent to the AI API.,,200,stop,1,"Image shows a job dependency graph matching Figure 6 caption about marking upstream and downstream nodes | job_A1 is highlighted in green (current node), upstream nodes (job_A2, job_A7, job_A8, job_A9, job_A3, job_A4, job_A5) in blue, downstream (edw_dtr_order_data) in orange/yellow | Color coding exactly matches RST: 'the node is marked green, its upstream job is marked blue, and its downstream job is marked orange'",
umn/source/user_guide/dataarts_factory/o_and_m_and_scheduling/monitoring_a_job/monitoring_a_batch_job.rst,Monitoring a Batch Job,/home/ubuntu/repotesting/data-arts-studio/umn/source/_static/images/en-us_image_0000002234080640.png,figure,379,screenshot,True,False,False,,3,3,3,3,3,1.00,pass,,Images with the forbidden color were not sent to the AI API.,,200,stop,1,"Image shows a right-click context menu on a job node in the dependency graph, matching Figure 7 caption | Menu options (View Job, Copy Job Name, Collapse Upstream Job, Collapse Downstream Job) exactly match RST: 'view the job, copy the job name, and collapse upstream or downstream jobs' | The dependency graph background with colored nodes is consistent with the job dependency graph section",
umn/source/user_guide/dataarts_factory/o_and_m_and_scheduling/monitoring_a_job/monitoring_a_batch_job.rst,Monitoring a Batch Job,/home/ubuntu/repotesting/data-arts-studio/umn/source/_static/images/en-us_image_0000002269119817.png,substitution_image,398,icon,False,False,False,,3,2,3,2,3,0.88,pass,,Images with the forbidden color were not sent to the AI API.,,200,stop,1,"Image is a small downward chevron/arrow icon used as an expand indicator | Referenced in RST as |image1| in Table 1: 'Click |image1| in front of the job name. The Last Instance information is displayed.' | The icon serves as a clickable expand/collapse control to reveal Last Instance information | The icon is very small and low-resolution, making detailed visual assessment limited","Icon is very small and blurry, making it difficult to confirm exact visual details"
umn/source/user_guide/dataarts_factory/o_and_m_and_scheduling/monitoring_a_job/monitoring_a_real-time_job.rst,Monitoring a Real-Time Job,/home/ubuntu/repotesting/data-arts-studio/umn/source/_static/images/en-us_image_0000002234080568.png,substitution_image,150,icon,False,False,False,,2,2,2,2,3,0.72,partial,,,,200,stop,1,The image is a small downward chevron/arrow icon used as |image1| in Table 1 row 4. | The RST states 'Click job in front of the |image1| name' indicating this icon appears before job names as an expand/collapse control. | The icon is a generic UI symbol (chevron) commonly used for expandable rows in tables. | It is semantically relevant to the monitoring table but is a very generic element.,"The icon is very small and low-resolution, making it difficult to confirm exact styling. | No surrounding context is visible to confirm its placement relative to job names."
umn/source/user_guide/dataarts_factory/overview.rst,Overview,/home/ubuntu/repotesting/data-arts-studio/umn/source/_static/images/en-us_image_0000002234083444.png,figure,18,other,False,False,True,Forbidden color #3298ff was detected in the image.,0,0,0,0,0,0.00,fail,,Images with the forbidden color were not sent to the AI API.,,,local_hard_fail,0,Local color check detected #3298ff.,
umn/source/user_guide/dataarts_factory/script_development/developing_scripts/developing_a_python_script.rst,Developing a Python Script,/home/ubuntu/repotesting/data-arts-studio/umn/source/_static/images/en-us_image_0000002269116013.png,substitution_image,162,icon,False,False,False,,2,2,2,2,3,0.72,partial,,,,200,stop,1,"The image shows three horizontal blue bars, a common UI pattern for a 'more options' or menu icon. | The RST references this icon in the context of hovering to reveal a 'Release' option, consistent with a menu/options icon. | The icon is a small symbolic graphic, not a full screenshot or page view. | The icon is relevant to the script development procedure described in the document, specifically the step about navigating to the release page.",The 'Release' label or tooltip is not visible in the image; only the three-bar icon is shown. | No surrounding UI context is visible to confirm the exact location of this icon within the DataArts Factory interface.
umn/source/user_guide/dataarts_factory/script_development/developing_scripts/developing_a_shell_script.rst,Developing a Shell Script,/home/ubuntu/repotesting/data-arts-studio/umn/source/_static/images/en-us_image_0000002269116013.png,substitution_image,195,icon,False,False,False,,1,2,2,2,3,0.62,partial,,,,200,stop,1,"The image is a hamburger-style menu icon (three horizontal blue bars) used as a UI navigation element. | The RST references it as the element to hover over to access the 'Release' option in enterprise mode. | The icon is a generic UI symbol, not specific to shell script development, limiting topic match. | The icon is consistent with a menu trigger that would reveal a 'Release' action on hover. | No contradiction between the described interaction and the visual content of the icon.",The image does not show the 'Release' label or any surrounding UI context to confirm it is specifically the release menu trigger. | No visible text or additional UI elements to confirm the exact placement within the DataArts Factory interface.
umn/source/user_guide/dataarts_factory/script_development/developing_scripts/developing_an_sql_script.rst,Developing an SQL Script,/home/ubuntu/repotesting/data-arts-studio/umn/source/_static/images/en-us_image_0000002269198213.png,substitution_image,421,icon,False,False,False,,2,2,3,2,3,0.78,partial,,,,200,stop,1,"RST references |image2| as the control that opens the DLI Queue Management page. | The icon is a plus-in-circle symbol, plausibly an 'open/add' action for queue management. | It is a small isolated pictogram, classified as an icon.",No text label visible; the association with Queue Management relies on RST context.
umn/source/user_guide/dataarts_factory/script_development/optional_managing_scripts/changing_the_script_owner.rst,Changing the Script Owner,/home/ubuntu/repotesting/data-arts-studio/umn/source/_static/images/en-us_image_0000002269200193.png,substitution_image,31,icon,False,False,False,,2,2,3,2,3,0.78,partial,,,,200,stop,1,"Image is a three-dot vertical ellipsis (kebab menu) icon, which is the standard 'more options' button referenced in step 4 | The RST states 'click |image1| and select Configure Owner', and this icon represents that menu trigger | The icon is small and slightly blurry, making fine details hard to discern | It is a generic UI symbol rather than a screenshot showing the full context","The icon is isolated without surrounding UI context, so it is not possible to confirm its exact placement in the script directory toolbar | The image is low-resolution and slightly blurred"
umn/source/user_guide/dataarts_factory/script_development/optional_managing_scripts/exporting_and_importing_scripts.rst,Exporting and Importing Scripts,/home/ubuntu/repotesting/data-arts-studio/umn/source/_static/images/en-us_image_0000002234235716.png,substitution_image,66,icon,False,False,False,,2,2,2,2,3,0.72,partial,,,,200,stop,1,"A small three-dot vertical (kebab menu) icon, used as the trigger for the context menu in the script directory | Referenced in the RST as |image1|, |image2|, and |image3| for clicking to open the script operations menu | It is a generic UI symbol rather than a screenshot showing export/import functionality directly | The icon is consistent with the RST instruction to 'Click [icon] in the script directory'",The icon is generic and does not visually indicate export or import functionality specifically | No surrounding UI context is visible to confirm its placement in the script directory
umn/source/user_guide/dataarts_factory/script_development/optional_managing_scripts/unlocking_a_script.rst,Unlocking a Script,/home/ubuntu/repotesting/data-arts-studio/umn/source/_static/images/en-us_image_0000002234236424.png,figure,25,other,False,False,True,Forbidden color #3298ff was detected in the image.,0,0,0,0,0,0.00,fail,,Images with the forbidden color were not sent to the AI API.,,200,stop,1,Local color check detected #3298ff.,
umn/source/user_guide/dataarts_factory/script_development/optional_managing_scripts/unlocking_a_script.rst,Unlocking a Script,/home/ubuntu/repotesting/data-arts-studio/umn/source/_static/images/en-us_image_0000002269117313.png,figure,52,screenshot,True,False,False,,3,3,3,3,3,1.00,pass,,Images with the forbidden color were not sent to the AI API.,,200,stop,1,"The image is a UI screenshot of a script editor toolbar, matching Figure 2 'Unlocking a script'. | The toolbar shows an 'Unlock' button highlighted with a red box, consistent with step 5 instructing to click Unlock in the upper part of the script editor. | A code editor area below the toolbar displays SQL content ('-- Hive sql' and 'select * from test;'), consistent with a script development page. | The image aligns with the 'Unlocking a Script' section and its prerequisites (a developed script). | No visible element contradicts the RST description.",The image does not show the surrounding DataArts Factory navigation or workspace context described in earlier steps. | Lock status indicators in the directory tree (Figure 1) are not present in this image.
umn/source/user_guide/dataarts_factory/script_development/script_development_process.rst,Script Development Process,/home/ubuntu/repotesting/data-arts-studio/umn/source/_static/images/en-us_image_0000002269118145.png,figure,34,other,False,False,True,Forbidden color #3298ff was detected in the image.,0,0,0,0,0,0.00,fail,,Images with the forbidden color were not sent to the AI API.,,200,stop,1,Local color check detected #3298ff.,
umn/source/user_guide/dataarts_factory/script_development/script_development_process.rst,Script Development Process,/home/ubuntu/repotesting/data-arts-studio/umn/source/_static/images/en-us_image_0000002234078960.png,substitution_image,45,icon,False,False,False,,2,2,2,3,3,0.77,partial,,Images with the forbidden color were not sent to the AI API.,,200,stop,1,"The image is a small hamburger-menu icon (three horizontal blue bars), consistent with the RST reference to a menu control the user hovers over to access 'Style Configuration'. | The icon is semantically relevant to the script development section, specifically the bullet describing SQL editor style configuration. | The visual content (three stacked horizontal lines) is a standard, unambiguous representation of a menu/overflow icon. | No contradiction between the image and the surrounding text; the text describes hovering over this icon to reveal options.","The image does not show the 'Style Configuration' label or any dropdown, so the exact menu content is not visible. | No surrounding UI context is present to confirm the specific application or page where this icon appears."
umn/source/user_guide/dataarts_factory/solution.rst,Solution,/home/ubuntu/repotesting/data-arts-studio/umn/source/_static/images/en-us_image_0000002269124789.png,substitution_image,93,icon,False,False,False,,2,2,2,1,3,0.67,partial,,,,200,stop,1,"The image is a small UI icon showing what appears to be a folder/directory symbol with a plus sign, consistent with the RST instruction to 'show the solution directory.' | It is referenced in step 4 of the 'Creating a Solution' section, where the user clicks this icon to reveal the solution directory. | The icon is very small and low-resolution, making precise identification difficult. | No contradiction between the icon's apparent function and the surrounding text.",The image is too small and blurry to confirm the exact icon design or label. | No visible text or tooltip in the image to confirm it specifically represents 'show solution directory.'
umn/source/user_guide/dataarts_factory/usage_guidance/developing_a_dws_sql_job.rst,Developing a DWS SQL Job,/home/ubuntu/repotesting/data-arts-studio/umn/source/_static/images/en-us_image_0000002234238460.png,figure,74,screenshot,True,False,False,,2,2,3,3,2,0.78,partial,,,,200,stop,1,"Image shows a script development interface with SQL editor, toolbar (Save, Submit, Execute, etc.), Connection and Database fields, and Execution History panel | Matches the 'Developing a DWS SQL Script' section which describes creating a DWS SQL script in the development area | The Submit button and Connection field mentioned in the RST are visible in the image | The script content shows test01 table operations rather than the dws_sql sales collection script described in the RST",The script name 'dws_sql' is not visible; the tab shows 'Test' instead | The SQL content is for a test table (test01) rather than the store sales collection described in the RST | The specific data connection name 'dws_link' is not shown; 'dlitest' is displayed instead
umn/source/user_guide/dataarts_factory/usage_guidance/if_statements.rst,IF Statements,/home/ubuntu/repotesting/data-arts-studio/umn/source/_static/images/en-us_image_0000002269116637.png,substitution_image,286,icon,False,False,False,,2,2,2,2,3,0.72,partial,,,,200,stop,1,"Small yellow circular icon with a plus sign, used as |image1| in the RST for the 'click and hold to connect' instruction | Represents the connection/drag action between nodes in the job canvas | The icon is small and slightly blurry but clearly a plus/connect symbol","The icon is very small and low resolution, making it difficult to discern fine details"
umn/source/user_guide/dataarts_factory/usage_guidance/if_statements.rst,IF Statements,/home/ubuntu/repotesting/data-arts-studio/umn/source/_static/images/en-us_image_0000002234237300.png,substitution_image,287,icon,False,False,False,,2,2,2,2,3,0.72,partial,,,,200,stop,1,"Small yellow circular icon with a plus sign, used as |image2| in the RST for the 'click and hold to connect' instruction in the subjob development section | Represents the connection action between Dummy nodes in the sub-job canvas | Same style as other connection icons in the document",The icon is very small and low resolution
umn/source/user_guide/dataarts_factory/usage_guidance/if_statements.rst,IF Statements,/home/ubuntu/repotesting/data-arts-studio/umn/source/_static/images/en-us_image_0000002269196709.png,substitution_image,288,icon,False,False,False,,2,2,2,2,3,0.72,partial,,,,200,stop,1,"Small yellow circular icon with a plus sign, used as |image3| in the RST for the 'click and hold to connect' instruction in the main job development section | Represents the connection action between HIVE SQL and For Each nodes | Same style as other connection icons in the document",The icon is very small and low resolution
umn/source/user_guide/dataarts_factory/usage_guidance/if_statements.rst,IF Statements,/home/ubuntu/repotesting/data-arts-studio/umn/source/_static/images/en-us_image_0000002234237340.png,substitution_image,289,icon,False,False,False,,2,2,2,2,3,0.72,partial,,,,200,stop,1,"Small yellow circular icon with a plus sign, used as |image4| in the RST for the 'click and hold to connect' instruction in the multi-IF policy section | Represents the connection action between DWS SQL nodes and the Python node | Same style as other connection icons in the document",The icon is very small and low resolution
umn/source/user_guide/dataarts_factory/usage_guidance/obtaining_the_output_of_an_sql_node.rst,Obtaining the Output of an SQL Node,/home/ubuntu/repotesting/data-arts-studio/umn/source/_static/images/en-us_image_0000002234236776.png,substitution_image,267,icon,True,False,False,,2,2,2,2,3,0.72,partial,,,,200,stop,1,"A small yellow circular icon with a plus sign, used as a UI element to connect nodes on the canvas. | Referenced in the RST as |image1| for clicking and holding to connect nodes in step 5 of the StringUtil section. | The icon is a generic UI control, not directly illustrating the SQL output concept but supporting the workflow instructions.","The icon is very small and low-resolution, making it difficult to discern fine details."
umn/source/user_guide/dataarts_factory/usage_guidance/obtaining_the_output_of_an_sql_node.rst,Obtaining the Output of an SQL Node,/home/ubuntu/repotesting/data-arts-studio/umn/source/_static/images/en-us_image_0000002234076960.png,substitution_image,268,icon,True,False,False,,2,2,2,2,3,0.72,partial,,,,200,stop,1,"A small yellow circular icon with a plus sign, identical to |image1|, used to connect nodes on the canvas. | Referenced in the RST as |image2| for clicking and holding to connect nodes in the main job development step. | The icon is a generic UI control supporting the workflow instructions for the For Each node section.","The icon is very small and low-resolution, making it difficult to discern fine details."
umn/source/user_guide/dataarts_factory/usage_guidance/using_for_each_nodes.rst,Using For Each Nodes,/home/ubuntu/repotesting/data-arts-studio/umn/source/_static/images/en-us_image_0000002234082492.png,substitution_image,229,icon,False,False,False,,2,2,2,3,3,0.77,partial,,,,200,stop,1,"Small yellow circle with a plus sign, used as |image1| in the RST for 'click and drag |image1| to compile the job' | It is a generic UI add/plus icon, not specific to For Each nodes but referenced in the job compilation step | The icon is clearly a small symbolic graphic (pictogram) for adding nodes to a job canvas",The icon is generic and does not provide specific information about For Each node functionality | It is a standard UI element rather than a domain-specific illustration
umn/source/user_guide/dataarts_factory/usage_guidance/using_patchdata.rst,Using PatchData,/home/ubuntu/repotesting/data-arts-studio/umn/source/_static/images/en-us_image_0000002269195369.png,substitution_image,201,icon,False,False,False,,2,2,2,2,3,0.72,partial,,,,200,stop,1,"Image is a small circular refresh/sync arrow icon, referenced as |image1| in the RST for synchronizing parameter changes. | The RST states 'you can click |image1| to synchronize the change', which matches the refresh icon semantics. | As a small icon, it provides limited visual detail but is semantically correct for a synchronize action.","Icon is very small and low-resolution, making it hard to confirm exact visual details."
umn/source/user_guide/dataarts_factory/usage_guidance/using_patchdata.rst,Using PatchData,/home/ubuntu/repotesting/data-arts-studio/umn/source/_static/images/en-us_image_0000002234076120.png,substitution_image,202,icon,False,False,False,,2,2,2,2,3,0.72,partial,,,,200,stop,1,"Image is a small pencil/edit icon, referenced as |image2| in the RST for editing parameters. | The RST states 'or click |image2| to edit the parameters', which matches the edit/pencil icon semantics. | As a small icon, it provides limited visual detail but is semantically correct for an edit action.","Icon is very small and low-resolution, making it hard to confirm exact visual details."
umn/source/user_guide/dataarts_migration_cdm_jobs/creating_a_job_in_a_cdm_cluster/table_file_migration_jobs.rst,Table/File Migration Jobs,/home/ubuntu/repotesting/data-arts-studio/umn/source/_static/images/en-us_image_0000002269124641.png,substitution_image,343,icon,False,False,False,,2,2,2,2,3,0.72,partial,,,,200,stop,1,"Image is a small plus-in-circle icon, referenced as |image1| in the RST for adding a new field. | The icon is a generic add button, semantically consistent with the 'Add a new field' action described. | Used in the Map Field tab notes section of the Procedure.","The icon is very small and low-resolution, making it difficult to confirm exact visual details."
umn/source/user_guide/dataarts_migration_cdm_jobs/creating_a_job_in_a_cdm_cluster/table_file_migration_jobs.rst,Table/File Migration Jobs,/home/ubuntu/repotesting/data-arts-studio/umn/source/_static/images/en-us_image_0000002269204741.png,substitution_image,344,icon,False,False,False,,2,2,2,2,3,0.72,partial,,,,200,stop,1,"Image is a small plus-in-circle icon, referenced as |image2| in the RST for adding custom constants, variables, and expressions. | The icon is a generic add button, semantically consistent with the described action. | Used in the Map Field tab notes section of the Procedure.","The icon is very small and low-resolution, making it difficult to confirm exact visual details."
umn/source/user_guide/dataarts_migration_cdm_jobs/creating_a_job_in_a_cdm_cluster/table_file_migration_jobs.rst,Table/File Migration Jobs,/home/ubuntu/repotesting/data-arts-studio/umn/source/_static/images/en-us_image_0000002234085460.png,substitution_image,345,icon,False,False,False,,2,2,2,2,3,0.72,partial,,,,200,stop,1,"Image is a small circular refresh/sync arrow icon, referenced as |image3| in the RST for triggering field conversion. | The circular arrow icon is semantically consistent with a 'convert' or 'refresh' action. | Used in step 7 of the Procedure where the user clicks the icon to create a converter.","The icon is very small and low-resolution, making it difficult to confirm exact visual details."
umn/source/user_guide/dataarts_migration_cdm_jobs/key_operation_guide/migration_in_transaction_mode.rst,Migration in Transaction Mode,/home/ubuntu/repotesting/data-arts-studio/umn/source/_static/images/en-us_image_0000002234076628.png,figure,15,screenshot,True,False,False,,2,2,3,3,2,0.78,partial,,,,200,stop,1,"The image is a UI screenshot of the 'Destination Job Configuration' panel, matching the RST's reference to advanced attributes of Destination Job Configuration. | A red box highlights a Yes/No toggle parameter in the advanced attributes area, consistent with the RST describing a parameter that enables transaction mode. | The figure is placed directly under the 'Migration in Transaction Mode' section as Figure 1, so it is topically relevant. | The highlighted parameter is labeled 'Is middle Relation table', which is semantically related to the staging/transaction concept but not the exact 'Import to Staging Table' label stated in the RST.","The RST names the parameter 'Import to Staging Table', but the image shows 'Is middle Relation table'; the exact correspondence is not explicit. | No visible indication in the image of the rollback/transaction behavior described in the RST."
umn/source/user_guide/dataarts_migration_cdm_jobs/key_operation_guide/regular_expressions_for_separating_semi-structured_text.rst,Regular Expressions for Separating Semi-structured Text,/home/ubuntu/repotesting/data-arts-studio/umn/source/_static/images/en-us_image_0000002234080632.png,figure,13,screenshot,True,False,False,,2,2,2,3,2,0.72,partial,,,,200,stop,1,"The image is a UI screenshot of the 'Source Job Configuration' panel, matching the RST statement that the regular expression is configured in Source Job Configuration. | The 'File Format' field is set to 'CSV', consistent with the RST requirement that File Format must be CSV. | The panel shows Source Link Name (mrs_hdfs), Source Directory/File, and a 'Show Advanced Attributes' link, which are part of the migration source configuration context. | The figure caption in the RST is 'Setting regular expression parameters', but no explicit regular expression field is visible in the screenshot; it is presumably under the collapsed 'Show Advanced Attributes' section.","No visible regular expression input field or parameter in the screenshot. | The 'Show Advanced Attributes' section is collapsed, so the actual regex configuration UI is not shown. | Source Directory/File field is empty, so no concrete path is demonstrated."
umn/source/user_guide/dataarts_migration_cdm_jobs/tutorials/migrating_data_from_mysql_to_obs.rst,Migrating Data from MySQL to OBS,/home/ubuntu/repotesting/data-arts-studio/umn/source/_static/images/en-us_image_0000002234237944.jpg,figure,138,other,False,False,True,Forbidden color #3298ff was detected in the image.,0,0,0,0,0,0.00,fail,,Images with the forbidden color were not sent to the AI API.,,200,stop,1,Local color check detected #3298ff.,
umn/source/user_guide/dataarts_migration_cdm_jobs/tutorials/migrating_data_from_mysql_to_obs.rst,Migrating Data from MySQL to OBS,/home/ubuntu/repotesting/data-arts-studio/umn/source/_static/images/en-us_image_0000002234235252.png,figure,95,screenshot,True,False,False,,3,3,3,3,3,1.00,pass,,Images with the forbidden color were not sent to the AI API.,,200,stop,1,"Image shows the 'Select Connector' page with categories including Object Storage, where 'Object Storage Service (OBS)' is highlighted, matching Figure 1 caption in the RST. | The RST instructs to 'Select Object Storage Service (OBS) and click Next', and the image clearly shows OBS selected with a Next button at the bottom. | The image is placed in the 'Creating an OBS Link' section, which is exactly where the connector selection step occurs. | All visible categories (Data Warehouse, Hadoop, Object Storage, File System, Relational Database, NoSQL, Messaging System, Search) are consistent with a CDM connector selection interface.",
umn/source/user_guide/dataarts_migration_cdm_jobs/tutorials/migrating_data_from_mysql_to_obs.rst,Migrating Data from MySQL to OBS,/home/ubuntu/repotesting/data-arts-studio/umn/source/_static/images/en-us_image_0000002269194761.png,figure,116,screenshot,True,False,False,,3,3,3,3,3,1.00,pass,,Images with the forbidden color were not sent to the AI API.,,200,stop,1,"Image shows the 'Access Keys' page with a 'Create Access Key' button, matching Figure 2 caption 'Clicking Create Access Key' in the RST. | The RST instructs to 'choose Access Keys, and click Create Access Key', and the image displays exactly that page with the button visible. | The informational note about access keys being downloadable only once aligns with the RST note about access key security. | The table columns (Access Key ID, Description, Created, Status) and 'No data available' state are consistent with a fresh access keys page.",
umn/source/user_guide/dataarts_migration_cdm_jobs/tutorials/migrating_data_from_mysql_to_obs.rst,Migrating Data from MySQL to OBS,/home/ubuntu/repotesting/data-arts-studio/umn/source/_static/images/en-us_image_0000002269117305.jpg,figure,167,screenshot,True,False,False,,3,3,3,3,3,1.00,pass,,Images with the forbidden color were not sent to the AI API.,,200,stop,1,"Image shows the 'Map Field' page with Source Field (Name, Example Value, Type, Operation) and Destination Field (Column ID), matching Figure 4 caption 'Table-to-file field mapping'. | The RST states 'CDM automatically matches the source and destination fields, as shown in Figure 4', and the image displays auto-mapped fields (uuid→1, order_no→2). | The step indicator at the top shows 'Configure Basic Information' completed and 'Map Field' as step 2, consistent with the workflow described in the RST. | The image is placed in the 'Creating a Migration Job' section, specifically at the field mapping step after clicking Next from the job configuration.","Only two fields (uuid, order_no) are visible; the full table schema is not shown, but this is consistent with a partial view of the mapping page."
umn/source/user_guide/dataarts_quality/monitoring_data_quality/creating_a_data_quality_job.rst,Creating a Data Quality Job,,,,,,,,,,,,,,,warning,,API response did not contain valid parsed JSON.,,200,length,1,,
umn/source/user_guide/dataarts_security/sensitive_data_governance/creating_data_classifications.rst,Creating Data Classifications,/home/ubuntu/repotesting/data-arts-studio/umn/source/_static/images/en-us_image_0000002234083540.png,substitution_image,107,icon,False,False,False,,2,1,2,2,3,0.65,partial,,,,200,stop,1,"Small tree/list pictogram referenced as |image1| for adding a root classification. | Symbolic UI icon, not a full interface, so limited detail.",Icon is low-resolution; exact glyph meaning is inferred from RST context.
umn/source/user_guide/dataarts_security/sensitive_data_governance/creating_data_classifications.rst,Creating Data Classifications,/home/ubuntu/repotesting/data-arts-studio/umn/source/_static/images/en-us_image_0000002234083524.png,substitution_image,108,icon,False,False,False,,2,1,2,2,3,0.65,partial,,,,200,stop,1,Small tree/list pictogram referenced as |image2| for adding a same-level classification. | Symbolic UI icon with limited visual detail.,Low-resolution icon; meaning inferred from RST context.
umn/source/user_guide/dataarts_security/sensitive_data_governance/creating_data_classifications.rst,Creating Data Classifications,/home/ubuntu/repotesting/data-arts-studio/umn/source/_static/images/en-us_image_0000002234243424.png,substitution_image,109,icon,False,False,False,,2,1,2,2,3,0.65,partial,,,,200,stop,1,Small tree-with-plus pictogram referenced as |image3| for adding a sub-classification. | Symbolic UI icon with limited visual detail.,Low-resolution icon; meaning inferred from RST context.
umn/source/user_guide/dataarts_security/sensitive_data_governance/creating_data_classifications.rst,Creating Data Classifications,/home/ubuntu/repotesting/data-arts-studio/umn/source/_static/images/en-us_image_0000002269122769.png,substitution_image,110,icon,False,False,False,,2,1,2,2,3,0.65,partial,,,,200,stop,1,Small tree/list pictogram referenced as |image4| in the create-classification step. | Symbolic UI icon with limited visual detail.,Low-resolution icon; meaning inferred from RST context.
umn/source/user_guide/dataarts_security/sensitive_data_governance/creating_data_classifications.rst,Creating Data Classifications,/home/ubuntu/repotesting/data-arts-studio/umn/source/_static/images/en-us_image_0000002269122741.png,substitution_image,111,icon,False,False,False,,2,1,2,2,3,0.65,partial,,,,200,stop,1,Small tree-with-plus pictogram referenced as |image5| in the create-classification step. | Symbolic UI icon with limited visual detail.,Low-resolution icon; meaning inferred from RST context.
umn/source/user_guide/dataarts_security/sensitive_data_governance/creating_data_classifications.rst,Creating Data Classifications,/home/ubuntu/repotesting/data-arts-studio/umn/source/_static/images/en-us_image_0000002234083532.png,substitution_image,112,icon,False,False,False,,2,1,2,2,3,0.65,partial,,,,200,stop,1,Small import/box pictogram referenced as |image6| to open the Import Preset Data Classification dialog. | Symbolic UI icon with limited visual detail.,Low-resolution icon; meaning inferred from RST context.
umn/source/user_guide/dataarts_security/sensitive_data_governance/creating_data_classifications.rst,Creating Data Classifications,/home/ubuntu/repotesting/data-arts-studio/umn/source/_static/images/en-us_image_0000002269122729.png,substitution_image,113,icon,False,False,False,,2,1,2,2,3,0.65,partial,,,,200,stop,1,Small pencil/edit pictogram referenced as |image7| for editing a classification. | Symbolic UI icon with limited visual detail.,Low-resolution icon; meaning inferred from RST context.
umn/source/user_guide/dataarts_security/sensitive_data_governance/creating_data_classifications.rst,Creating Data Classifications,/home/ubuntu/repotesting/data-arts-studio/umn/source/_static/images/en-us_image_0000002269122761.png,substitution_image,114,icon,False,False,False,,2,1,2,2,3,0.65,partial,,,,200,stop,1,Small trash/delete pictogram referenced as |image8| for deleting a classification. | Symbolic UI icon with limited visual detail.,Low-resolution icon; meaning inferred from RST context.
umn/source/user_guide/dataarts_security/sensitive_data_governance/creating_data_classifications.rst,Creating Data Classifications,/home/ubuntu/repotesting/data-arts-studio/umn/source/_static/images/en-us_image_0000002234083536.png,substitution_image,115,icon,False,False,False,,2,1,2,2,3,0.65,partial,,,,200,stop,1,Small edit-in-box pictogram referenced as |image9| for editing the data classification directory. | Symbolic UI icon with limited visual detail.,Low-resolution icon; meaning inferred from RST context.
umn/source/user_guide/dataarts_security/sensitive_data_governance/creating_data_classifications.rst,Creating Data Classifications,/home/ubuntu/repotesting/data-arts-studio/umn/source/_static/images/en-us_image_0000002269122749.png,substitution_image,116,icon,False,False,False,,2,1,2,2,3,0.65,partial,,,,200,stop,1,Small edit-in-box pictogram referenced as |image10| for editing the classification directory. | Symbolic UI icon with limited visual detail.,Low-resolution icon; meaning inferred from RST context.
umn/source/user_guide/dataarts_security/sensitive_data_protection/data_watermarks/embedding_data_watermarks.rst,Embedding Data Watermarks,/home/ubuntu/repotesting/data-arts-studio/umn/source/_static/images/en-us_image_0000002269123189.png,figure,29,other,False,False,True,Forbidden color #3298ff was detected in the image.,0,0,0,0,0,0.00,fail,,Images with the forbidden color were not sent to the AI API.,,200,stop,1,Local color check detected #3298ff.,
umn/source/user_guide/dataarts_security/sensitive_data_protection/data_watermarks/embedding_data_watermarks.rst,Embedding Data Watermarks,/home/ubuntu/repotesting/data-arts-studio/umn/source/_static/images/en-us_image_0000002234243736.png,figure,59,screenshot,True,False,False,,3,3,3,3,3,1.00,pass,,Images with the forbidden color were not sent to the AI API.,,200,stop,1,"Image shows the DataArts Security left navigation with 'Data Watermark Embedding' highlighted, matching step 2 of the RST. | The 'Create' button is visible in the upper part of the page as described in the RST. | The right panel shows a Task list with Create and Delete buttons, consistent with the 'Creating a Data Watermark Embedding Task' section. | Figure 2 caption in RST matches the content shown.",
umn/source/user_guide/dataarts_security/sensitive_data_protection/data_watermarks/embedding_data_watermarks.rst,Embedding Data Watermarks,/home/ubuntu/repotesting/data-arts-studio/umn/source/_static/images/en-us_image_0000002234083872.png,figure,89,screenshot,True,False,False,,3,3,3,3,3,1.00,pass,,Images with the forbidden color were not sent to the AI API.,,200,stop,1,"Image shows the Basic Settings step (step 1 of 3) in the Create Task wizard, matching Figure 3 caption. | All fields from Table 1 are visible: Task, Description, Watermark ID, Error Correction Level (default 1), Watermark Version (V1). | The breadcrumb 'Data Watermark Embedding > Create Task' confirms the context. | Error Correction Level shows default value 1 and Watermark Version shows V1, consistent with RST descriptions.",
umn/source/user_guide/dataarts_security/sensitive_data_protection/data_watermarks/embedding_data_watermarks.rst,Embedding Data Watermarks,/home/ubuntu/repotesting/data-arts-studio/umn/source/_static/images/en-us_image_0000002269123245.png,figure,144,screenshot,True,False,False,,3,3,3,3,3,1.00,pass,,Images with the forbidden color were not sent to the AI API.,,200,stop,1,"Image shows step 2 'Source and Target Settings' in the Create Task wizard, matching Figure 4 caption. | Source Settings section shows Data Source Type (MRS Hive), Data Connection, Database, Source Table, Watermark Embedding Bar, Dataset Scope (Incremental), and Time Field, all matching Table 2. | Target Database Settings section shows Data Source Type, Data Connection, Database, and Target Table with a Test button and green checkmark, matching Table 2. | Configure and Clear buttons are visible for Database and Source Table fields as described in the RST.","HTTP/HTTPS Port field is not visible, which is consistent since it is only required for MRS Doris and the image shows MRS Hive."
umn/source/user_guide/dataarts_security/sensitive_data_protection/data_watermarks/embedding_data_watermarks.rst,Embedding Data Watermarks,/home/ubuntu/repotesting/data-arts-studio/umn/source/_static/images/en-us_image_0000002234243852.png,figure,179,screenshot,True,False,False,,3,3,3,3,3,1.00,pass,,Images with the forbidden color were not sent to the AI API.,,200,stop,1,"Image shows step 3 'Schedule Info Settings' in the Create Task wizard, matching Figure 5 caption. | Repeat field shows 'On Schedule' selected, consistent with the RST description for Incremental dataset scope. | Date, Cycle (Week), Time, Time Range, and Start now fields are all visible, matching Table 3 parameters. | The date range (Aug 25, 2023 to Sep 01, 2023) and Cycle set to Week align with the RST example of weekly scheduling.",
umn/source/user_guide/dataarts_security/sensitive_data_protection/data_watermarks/embedding_data_watermarks.rst,Embedding Data Watermarks,/home/ubuntu/repotesting/data-arts-studio/umn/source/_static/images/en-us_image_0000002269123157.png,substitution_image,209,icon,False,False,False,,3,3,3,3,3,1.00,pass,,Images with the forbidden color were not sent to the AI API.,,200,stop,1,"Image is a small downward-pointing chevron icon, used as an expand/collapse control in the UI. | The RST references this as |image1| in the context of 'click |image1| to expand instances' under Related Operations. | The icon is a standard UI symbol for expanding a list or section, consistent with its described purpose. | It is a small isolated pictogram, correctly classified as an icon.",
umn/source/user_guide/dataarts_security/sensitive_data_protection/static_masking_tasks/managing_sample_libraries.rst,Managing Sample Libraries,/home/ubuntu/repotesting/data-arts-studio/umn/source/_static/images/en-us_image_0000002269199569.png,substitution_image,104,icon,False,False,False,,2,2,2,2,3,0.72,partial,,,,200,stop,1,Small toggle switch icon in off/gray state | Used as |image1| in step 3 to activate edit mode in the directory | Consistent with the Edit toggle seen in the screenshots | Generic toggle icon without specific labeling,No label or context visible in the isolated icon | Cannot confirm exact state (on/off) from the small image
umn/source/user_guide/dataarts_security/sensitive_data_protection/static_masking_tasks/managing_sample_libraries.rst,Managing Sample Libraries,/home/ubuntu/repotesting/data-arts-studio/umn/source/_static/images/en-us_image_0000002234240092.png,substitution_image,106,icon,False,False,False,,2,2,2,2,3,0.72,partial,,,,200,stop,1,"Small toggle switch icon in off/gray state | Used as |image3| in Related Operations for editing a sample library classification | Represents the Edit toggle to activate edit mode | Same icon as |image1|, generic toggle without specific context",No label visible in the isolated icon | Cannot distinguish from other toggle icons in the document
umn/source/user_guide/dataarts_security/sensitive_data_protection/static_masking_tasks/managing_sample_libraries.rst,Managing Sample Libraries,/home/ubuntu/repotesting/data-arts-studio/umn/source/_static/images/en-us_image_0000002234240100.png,substitution_image,108,icon,False,False,False,,2,2,2,2,3,0.72,partial,,,,200,stop,1,Small toggle switch icon in off/gray state | Used as |image5| in Related Operations for deleting a sample library classification | Represents activating edit mode before performing deletion | Same generic toggle icon as |image1| and |image3|,No label visible in the isolated icon | Cannot distinguish from other toggle icons in the document
umn/source/user_guide/management_center/configuring_environment_isolation_for_a_dataarts_studio_workspace_in_enterprise_mode.rst,Configuring Environment Isolation for a DataArts Studio Workspace in Enterprise Mode,/home/ubuntu/repotesting/data-arts-studio/umn/source/_static/images/en-us_image_0000002269117469.png,substitution_image,78,icon,False,False,False,,2,2,2,3,3,0.77,partial,,,,200,stop,1,"Small pencil glyph representing the edit action referenced as |image1| in the RST. | It is an isolated UI symbol, not a full interface screenshot.",No surrounding context shown; relies on RST text to identify it as the edit control.
umn/source/user_guide/management_center/configuring_environment_isolation_for_a_dataarts_studio_workspace_in_enterprise_mode.rst,Configuring Environment Isolation for a DataArts Studio Workspace in Enterprise Mode,/home/ubuntu/repotesting/data-arts-studio/umn/source/_static/images/en-us_image_0000002234078284.png,substitution_image,79,icon,False,False,False,,2,2,2,3,3,0.77,partial,,,,200,stop,1,"Small minus/dash glyph representing the delete action referenced as |image2| in the RST. | It is an isolated UI symbol, not a full interface screenshot.",No surrounding context shown; relies on RST text to identify it as the delete control.
umn/source/user_guide/management_center/configuring_environment_isolation_for_a_dataarts_studio_workspace_in_enterprise_mode.rst,Configuring Environment Isolation for a DataArts Studio Workspace in Enterprise Mode,/home/ubuntu/repotesting/data-arts-studio/umn/source/_static/images/en-us_image_0000002234078248.png,substitution_image,80,icon,False,False,False,,2,2,2,3,3,0.77,partial,,,,200,stop,1,"Small pencil glyph representing the edit action referenced as |image3| in the RST. | It is an isolated UI symbol, not a full interface screenshot.",No surrounding context shown; relies on RST text to identify it as the edit control.
umn/source/user_guide/management_center/configuring_environment_isolation_for_a_dataarts_studio_workspace_in_enterprise_mode.rst,Configuring Environment Isolation for a DataArts Studio Workspace in Enterprise Mode,/home/ubuntu/repotesting/data-arts-studio/umn/source/_static/images/en-us_image_0000002234078240.png,substitution_image,81,icon,False,False,False,,2,2,2,3,3,0.77,partial,,,,200,stop,1,"Small minus/dash glyph representing the delete action referenced as |image4| in the RST. | It is an isolated UI symbol, not a full interface screenshot.",No surrounding context shown; relies on RST text to identify it as the delete control.
umn/source/user_guide/management_center/configuring_environment_isolation_for_a_dataarts_studio_workspace_in_enterprise_mode.rst,Configuring Environment Isolation for a DataArts Studio Workspace in Enterprise Mode,/home/ubuntu/repotesting/data-arts-studio/umn/source/_static/images/en-us_image_0000002234238072.png,substitution_image,82,icon,False,False,False,,2,2,2,3,3,0.77,partial,,,,200,stop,1,"Small pencil glyph representing the edit action referenced as |image5| in the RST. | It is an isolated UI symbol, not a full interface screenshot.",No surrounding context shown; relies on RST text to identify it as the edit control.
umn/source/user_guide/management_center/configuring_environment_isolation_for_a_dataarts_studio_workspace_in_enterprise_mode.rst,Configuring Environment Isolation for a DataArts Studio Workspace in Enterprise Mode,/home/ubuntu/repotesting/data-arts-studio/umn/source/_static/images/en-us_image_0000002234078264.png,substitution_image,83,icon,False,False,False,,2,2,2,3,3,0.77,partial,,,,200,stop,1,"Small minus/dash glyph representing the delete action referenced as |image6| in the RST. | It is an isolated UI symbol, not a full interface screenshot.",No surrounding context shown; relies on RST text to identify it as the delete control.
